,caseno,country,region,add1yr,age,agehrp,aggdtwpew11g,ahchuk11,carer,carsnoc,cenheat,clients01,clients02,clients03,clients04,clients05,clients06,clients07,clients08,clients09,clients10,clients11,clients12,clients13,clients14,clients15,clients16,clients17,clients18,clients19,clients20,clients21,cobg,cobhukrc,concealed,depedhuk11,depemhuk11,dephdhuk11,dephshuk11,deprived,disability,dpcfamuk11,ecopuk,empstat,estnaturei,ethhuk11,ethnicityew,everwork,fmspuk11,health,hhldlang11,hlqupuk11,hours,housecarer,identity,illhuk11g,indgpuk11,intention,iscog,landlordew,langprf,larpuk,lastyrwrkg,mainglangg,marstat,meighuk11,mighuk11,mltrlg,movefromg,moveregion,natidbpuk11,natidepuk11,natidipuk11,natidnipuk11,natidopuk11,natidspuk11,natidwpuk11,nssec,nsshuk11,occg,passports,penexactpuk11,penhuk11,penpuk11,popbasesec,position,pproomhuk11,psptelog,relato,religionew,residtype,rtntypeg,samesex,scaddtyp,scghuk11,scgpuk11c,selfcon,sex,single,sizhuk,socmin,sscaddcpew11,stapuk11,student,supervisor,tenduk11,tenure,transport,typaccom,unemphist,visitorsg,wg1famuk11,wkpladdewni,wlshread,wlshspeak,wlshstnd,wlshwrit,wpzhome,wrkplaceew,yradindstud,yrarryearg
1378368,353359,1,2,1,70,70,-9,5,1,1,2,-9,-9,-9,-9,-9,-9,-9,-9,-9,-9,-9,-9,-9,-9,-9,-9,-9,-9,-9,-9,-9,1,1,2,0,0,0,0,1,3,1,12,1,-9,1,1,1,3,2,1,10,-9,0,-9,0,6,-9,73,-9,-9,1,11,1,2,2,0,2,1,-9,3,1,7,4,3,4,4,33,7,54,1,1,6,1,1,-9,1,-9,1,2,2,1,-9,-9,-9,-9,1,2,2,2,544,1,-9,2,2,0,1,-9,1,12,0,0,-9,-9,-9,-9,-9,-9,-9,0,-9
1464864,1217543,1,4,1,48,50,4,7,1,1,2,-9,-9,-9,-9,-9,-9,-9,-9,-9,-9,-9,-9,-9,-9,-9,-9,-9,-9,-9,-9,-9,1,1,2,1,0,0,0,2,3,1,2,1,-9,1,1,-9,3,2,1,10,4,0,-9,0,3,-9,93,-9,-9,1,1,1,2,2,0,2,1,-9,3,1,7,4,3,4,4,34,27,92,1,0,-9,0,1,-9,1,-9,1,2,2,1,-9,-9,4,4,1,1,2,2,926,1,-9,2,2,1,2,7,2,-9,0,2,1,-9,-9,-9,-9,4,4,0,-9
1664727,2436424,1,4,1,60,58,-9,10,1,1,2,-9,-9,-9,-9,-9,-9,-9,-9,-9,-9,-9,-9,-9,-9,-9,-9,-9,-9,-9,-9,-9,1,1,2,0,0,0,0,1,3,1,12,1,-9,1,1,1,3,2,1,15,-9,0,-9,0,16,-9,23,-9,-9,1,3,1,2,2,0,3,1,-9,3,1,7,4,3,4,4,7,4,23,1,1,-9,0,1,-9,1,-9,1,1,2,1,-9,-9,2,2,1,2,2,3,231,1,-9,2,1,1,2,-9,2,2,0,1,-9,-9,-9,-9,-9,-9,-9,0,-9
2133180,336318,1,8,-9,22,80,-9,1,-9,0,2,-9,-9,-9,-9,-9,-9,-9,-9,-9,-9,-9,-9,-9,-9,-9,-9,-9,-9,-9,-9,-9,-9,1,-9,0,0,0,1,2,-9,-9,-9,-9,-9,1,-9,-9,-9,-9,1,-9,-9,0,-9,0,-9,-9,-9,2,-9,-9,-9,-9,1,1,0,1,-9,-9,-9,-9,-9,-9,-9,-9,-9,-9,7,-9,-9,-9,4,-9,2,-9,2,-9,4,-9,2,-9,-9,-9,-9,-9,1,2,1,1,-9,-9,-9,1,-9,3,4,-9,4,-9,0,-9,-9,-9,-9,-9,-9,-9,-9,-9,-9
2300839,2588903,1,6,1,28,55,-9,10,1,0,4,-9,-9,-9,-9,-9,-9,-9,-9,-9,-9,-9,-9,-9,-9,-9,-9,-9,-9,-9,-9,-9,1,1,2,0,1,1,0,3,3,1,7,1,-9,1,1,1,8,1,1,12,-9,0,-9,1,3,-9,96,1,-9,4,4,1,1,2,0,7,1,-9,2,2,7,4,3,4,4,37,25,92,8,0,-9,0,1,-9,2,-9,4,1,2,1,-9,-9,4,4,1,1,2,3,921,1,-9,2,2,4,4,-9,2,4,0,1,-9,-9,-9,-9,-9,-9,-9,0,-9
706574,1938687,1,10,1,10,39,-9,4,1,1,2,-9,-9,-9,-9,-9,-9,-9,-9,-9,-9,-9,-9,-9,-9,-9,-9,-9,-9,-9,-9,-9,1,2,2,0,0,0,0,1,3,10,-9,-9,-9,1,1,-9,7,1,1,-9,-9,0,-9,0,-9,-9,-9,-9,-9,4,-9,1,1,2,0,3,1,-9,1,4,7,4,3,4,4,-9,25,-9,1,0,-9,0,1,-9,1,-9,4,1,2,1,-9,-9,3,-9,1,2,1,3,-9,1,1,1,-9,1,2,-9,2,-9,0,1,-9,-9,-9,-9,-9,-9,-9,0,-9
696900,1804667,1,10,1,36,36,3,8,1,1,6,-9,-9,-9,-9,-9,-9,-9,-9,-9,-9,-9,-9,-9,-9,-9,-9,-9,-9,-9,-9,-9,1,1,2,0,1,1,0,3,3,14,1,1,-9,1,1,-9,3,2,1,14,2,0,-9,1,16,-9,53,1,-9,3,1,1,1,2,0,7,1,-9,1,4,7,4,3,4,4,12,12,61,8,0,-9,0,1,-9,2,-9,-9,1,2,1,-9,-9,4,4,1,2,2,5,612,1,-9,2,1,4,4,7,3,-9,0,1,1,-9,-9,-9,-9,4,4,0,-9
161617,2795972,2,11,1,34,43,5,6,2,2,2,-9,-9,-9,-9,-9,-9,-9,-9,-9,-9,-9,-9,-9,-9,-9,-9,-9,-9,-9,-9,-9,4,4,2,0,0,0,0,1,3,2,1,1,-9,1,1,-9,3,1,1,14,2,1,-9,0,15,-9,41,-9,-9,3,1,1,1,2,0,2,1,-9,3,4,7,4,3,4,1,13,33,41,1,0,-9,0,1,-9,2,-9,3,2,2,1,-9,-9,4,4,1,2,2,3,411,1,-9,2,2,1,2,7,3,-9,0,2,1,0,0,0,0,3,3,0,-9
1062868,1234855,1,9,1,43,43,1,6,1,1,2,-9,-9,-9,-9,-9,-9,-9,-9,-9,-9,-9,-9,-9,-9,-9,-9,-9,-9,-9,-9,-9,11,11,2,1,0,0,0,2,3,11,2,1,-9,4,4,-9,3,2,3,16,3,0,-9,0,3,-9,82,-9,1,1,1,9,2,2,0,3,1,-9,1,4,7,4,3,4,4,21,21,81,1,0,-9,0,1,-9,2,-9,-9,1,2,1,-9,-9,4,4,1,1,2,4,813,1,-9,2,1,1,2,10,3,-9,0,2,1,-9,-9,-9,-9,3,3,0,7
1818931,1904729,1,6,1,45,47,-9,9,2,2,2,-9,-9,-9,-9,-9,-9,-9,-9,-9,-9,-9,-9,-9,-9,-9,-9,-9,-9,-9,-9,-9,1,1,2,0,0,0,0,1,3,12,14,1,-9,1,1,1,3,2,1,15,-9,1,-9,0,16,-9,53,-9,-9,1,4,1,2,2,0,2,1,-9,2,2,7,4,3,4,4,30,2,61,1,0,-9,0,1,-9,2,-9,1,2,2,1,-9,-9,2,2,1,2,2,4,612,1,-9,2,2,1,2,-9,3,4,0,1,-9,-9,-9,-9,-9,-9,-9,0,-9
1657863,788952,1,3,2,21,62,-9,10,1,1,2,-9,-9,-9,-9,-9,-9,-9,-9,-9,-9,-9,-9,-9,-9,-9,-9,-9,-9,-9,-9,-9,1,1,2,0,1,1,0,3,3,1,15,1,-9,1,1,1,5,2,1,12,-9,0,-9,2,11,-9,42,-9,-9,4,3,1,1,2,2,6,1,4,3,1,7,4,3,4,4,29,34,42,1,0,-9,0,1,-9,2,-9,4,9,2,2,-9,-9,4,4,1,2,2,3,421,1,-9,2,2,0,1,-9,7,2,0,0,-9,-9,-9,-9,-9,-9,-9,0,-9
2772642,254055,1,7,1,38,38,3,10,1,0,2,-9,-9,-9,-9,-9,-9,-9,-9,-9,-9,-9,-9,-9,-9,-9,-9,-9,-9,-9,-9,-9,18,18,2,1,1,0,0,3,3,1,2,1,-9,11,11,-9,3,2,4,16,3,0,3,0,17,-9,53,5,1,1,1,5,2,2,2,2,1,-9,3,4,7,4,1,4,4,25,25,61,7,0,-9,0,1,-9,2,5,-9,6,2,1,-9,-9,4,4,1,1,2,4,614,1,-9,2,2,9,5,2,3,-9,0,1,1,-9,-9,-9,-9,4,4,0,10
111233,509378,1,3,1,32,64,3,10,1,3,2,-9,-9,-9,-9,-9,-9,-9,-9,-9,-9,-9,-9,-9,-9,-9,-9,-9,-9,-9,-9,-9,1,1,2,0,0,0,0,1,3,1,5,2,-9,1,1,-9,5,1,1,15,2,0,-9,0,7,-9,14,-9,-9,4,1,1,1,2,0,2,1,-9,3,1,7,4,3,4,4,19,17,11,1,0,9,0,1,-9,1,-9,4,2,2,1,-9,-9,2,2,1,2,2,3,119,1,-9,2,2,0,1,7,6,-9,0,2,1,-9,-9,-9,-9,3,3,0,-9
343511,2505006,1,10,1,38,70,6,5,1,1,2,-9,-9,-9,-9,-9,-9,-9,-9,-9,-9,-9,-9,-9,-9,-9,-9,-9,-9,-9,-9,-9,1,1,2,0,0,0,0,1,3,1,2,1,-9,1,1,-9,8,1,1,15,3,0,-9,0,10,-9,25,-9,-9,4,1,1,1,2,0,3,1,-9,3,1,7,4,3,4,4,4,21,21,1,0,8,0,1,-9,1,-9,4,1,2,2,-9,-9,-9,4,1,1,2,2,213,1,-9,2,1,1,2,7,1,-9,0,0,1,-9,-9,-9,-9,4,4,0,-9
624843,1538195,1,8,1,35,35,3,2,1,1,2,-9,-9,-9,-9,-9,-9,-9,-9,-9,-9,-9,-9,-9,-9,-9,-9,-9,-9,-9,-9,-9,1,1,-9,0,0,0,0,1,3,-9,2,1,-9,7,7,-9,2,1,1,15,3,0,-9,0,6,-9,21,-9,-9,4,1,1,1,1,0,1,1,-9,3,1,7,4,3,4,4,7,7,24,1,0,-9,0,1,-9,1,-9,-9,1,2,1,-9,-9,1,1,1,2,1,1,243,1,-9,2,2,1,2,3,1,-9,0,-9,1,-9,-9,-9,-9,4,4,0,-9
1536105,1268274,1,10,1,80,85,-9,5,3,1,4,-9,-9,-9,-9,-9,-9,-9,-9,-9,-9,-9,-9,-9,-9,-9,-9,-9,-9,-9,-9,-9,1,1,2,0,0,1,0,2,3,1,12,1,-9,1,1,1,3,2,1,14,-9,1,-9,1,3,-9,25,-9,-9,1,11,1,2,2,0,2,1,-9,3,1,7,4,3,4,4,8,13,21,1,1,7,1,1,-9,1,-9,1,2,2,1,-9,-9,-9,-9,1,1,2,2,213,1,-9,2,1,0,1,-9,1,12,0,0,-9,-9,-9,-9,-9,-9,-9,0,-9
2249999,1815964,1,10,1,56,60,8,10,3,2,1,-9,-9,-9,-9,-9,-9,-9,-9,-9,-9,-9,-9,-9,-9,-9,-9,-9,-9,-9,-9,-9,1,1,2,1,0,1,1,4,3,1,3,3,-9,1,1,-9,3,2,1,11,2,2,-9,1,8,-9,92,3,-9,1,1,1,2,2,0,2,1,-9,3,1,7,4,3,4,4,18,20,91,1,0,9,0,1,-9,1,-9,1,2,2,1,-9,-9,3,3,1,2,2,3,911,1,-9,2,2,5,4,7,1,-9,0,2,2,-9,-9,-9,-9,1,2,0,-9
458754,1525114,1,8,1,62,62,-9,2,1,0,2,-9,-9,-9,-9,-9,-9,-9,-9,-9,-9,-9,-9,-9,-9,-9,-9,-9,-9,-9,-9,-9,1,1,-9,0,1,1,0,3,1,-9,15,1,-9,1,1,1,2,4,1,12,-9,0,-9,1,15,-9,25,2,-9,8,11,1,5,1,0,1,1,-9,3,1,7,4,3,4,4,4,4,21,8,0,-9,0,1,-9,1,-9,-9,2,2,1,-9,-9,1,1,1,1,1,1,213,1,-9,2,1,3,4,-9,4,12,0,-9,-9,-9,-9,-9,-9,-9,-9,0,-9
945374,737383,1,3,1,65,65,9,1,1,2,2,-9,-9,-9,-9,-9,-9,-9,-9,-9,-9,-9,-9,-9,-9,-9,-9,-9,-9,-9,-9,-9,1,1,-9,1,0,0,0,2,3,-9,6,2,-9,1,1,-9,1,2,1,10,4,0,-9,0,9,-9,14,-9,-9,5,1,1,2,1,0,1,1,-9,3,1,7,4,3,4,4,19,19,12,1,1,0,1,1,-9,1,-9,-9,2,2,1,-9,-9,-9,-9,1,1,1,1,122,1,-9,2,2,0,1,11,6,-9,0,-9,3,-9,-9,-9,-9,2,1,0,-9
1829429,2130940,1,9,1,44,44,1,9,1,3,2,-9,-9,-9,-9,-9,-9,-9,-9,-9,-9,-9,-9,-9,-9,-9,-9,-9,-9,-9,-9,-9,1,1,2,0,0,0,0,1,3,3,6,2,-9,1,1,-9,6,1,1,11,3,0,-9,0,16,-9,51,-9,-9,8,1,1,5,3,0,2,1,-9,3,1,7,4,3,4,4,20,20,61,1,0,9,0,1,-9,2,-9,-9,2,2,1,-9,-9,2,2,1,2,2,4,613,1,-9,2,2,0,1,7,1,-9,0,1,1,-9,-9,-9,-9,3,3,0,-9
2014935,1592038,1,6,1,29,59,3,10,1,3,7,-9,-9,-9,-9,-9,-9,-9,-9,-9,-9,-9,-9,-9,-9,-9,-9,-9,-9,-9,-9,-9,1,1,2,0,0,1,0,2,1,1,9,1,-9,1,1,-9,5,3,1,15,3,0,-9,1,13,-9,21,-9,-9,4,1,1,1,2,0,5,1,-9,3,1,7,4,3,4,4,38,19,24,1,0,-9,0,1,-9,1,-9,4,2,2,1,-9,-9,2,2,1,1,2,3,243,1,1,1,2,0,1,7,1,-9,0,0,1,-9,-9,-9,-9,4,4,0,-9
2557493,1366415,1,6,1,17,42,-9,10,1,1,3,-9,-9,-9,-9,-9,-9,-9,-9,-9,-9,-9,-9,-9,-9,-9,-9,-9,-9,-9,-9,-9,1,1,2,0,1,0,1,3,3,13,11,-9,-9,1,1,2,7,1,1,12,-9,0,-9,0,-9,-9,-9,1,-9,4,-9,1,1,2,0,5,1,-9,3,1,7,4,3,4,4,38,25,-9,8,0,-9,0,1,-9,2,-9,4,1,2,1,-9,-9,4,4,1,2,2,4,-9,1,1,1,-9,4,4,-9,3,13,0,0,-9,-9,-9,-9,-9,-9,-9,0,-9
2617816,2620413,1,5,1,57,57,8,6,2,2,4,-9,-9,-9,-9,-9,-9,-9,-9,-9,-9,-9,-9,-9,-9,-9,-9,-9,-9,-9,-9,-9,1,1,2,0,0,0,0,1,3,5,2,1,-9,1,1,-9,3,1,1,15,4,2,-9,0,13,-9,12,-9,-9,1,1,1,2,2,0,5,1,-9,3,1,7,4,3,4,4,11,11,11,1,0,-9,0,1,-9,1,-9,-9,1,2,1,-9,-9,1,1,1,1,2,3,113,1,-9,2,2,0,1,1,1,-9,0,2,2,-9,-9,-9,-9,1,2,0,-9
411938,1303839,1,5,1,80,80,-9,1,1,1,2,-9,-9,-9,-9,-9,-9,-9,-9,-9,-9,-9,-9,-9,-9,-9,-9,-9,-9,-9,-9,-9,1,1,-9,1,0,1,0,3,2,-9,12,1,-9,1,1,1,1,3,1,10,-9,0,-9,1,7,-9,73,-9,-9,11,11,1,6,1,0,1,1,-9,3,1,7,4,3,4,4,33,33,54,1,1,4,1,1,-9,1,-9,-9,1,2,1,-9,-9,-9,-9,1,2,1,1,544,1,-9,2,2,0,1,-9,1,12,0,-9,-9,-9,-9,-9,-9,-9,-9,0,-9
244368,1235122,1,9,1,22,44,2,9,1,1,2,-9,-9,-9,-9,-9,-9,-9,-9,-9,-9,-9,-9,-9,-9,-9,-9,-9,-9,-9,-9,-9,1,1,2,0,1,0,0,2,3,12,2,1,-9,1,1,-9,5,1,1,12,3,0,-9,0,3,-9,72,2,-9,4,1,1,1,2,0,2,1,-9,3,1,7,4,3,4,4,27,11,81,1,0,-9,0,1,-9,2,-9,4,2,2,1,-9,-9,2,2,1,1,2,5,812,1,-9,2,2,3,4,6,3,-9,0,1,1,-9,-9,-9,-9,3,3,0,-9
1174692,2728722,1,2,1,65,62,-9,5,1,1,2,-9,-9,-9,-9,-9,-9,-9,-9,-9,-9,-9,-9,-9,-9,-9,-9,-9,-9,-9,-9,-9,1,1,2,0,0,0,0,1,3,1,12,1,-9,1,1,1,3,1,1,15,-9,0,-9,0,16,-9,23,-9,-9,1,4,1,2,2,0,3,1,-9,3,1,7,4,3,4,4,7,7,23,1,1,8,1,1,-9,1,-9,1,1,2,1,-9,-9,2,-9,1,1,2,2,231,1,-9,2,1,0,1,-9,1,4,0,1,-9,-9,-9,-9,-9,-9,-9,0,-9
2335316,1539229,1,8,1,28,56,4,10,1,2,2,-9,-9,-9,-9,-9,-9,-9,-9,-9,-9,-9,-9,-9,-9,-9,-9,-9,-9,-9,-9,-9,1,1,2,0,0,0,0,1,3,1,2,1,-9,1,1,-9,5,1,1,14,3,0,-9,0,7,-9,14,-9,-9,4,1,1,1,2,0,2,1,-9,3,1,7,4,3,4,4,11,2,11,1,0,-9,0,1,-9,1,-9,4,2,2,1,-9,-9,2,2,1,1,2,3,119,1,-9,2,1,1,2,3,1,-9,0,2,1,-9,-9,-9,-9,4,4,0,-9
1276062,792349,1,3,1,33,33,8,7,1,2,2,-9,-9,-9,-9,-9,-9,-9,-9,-9,-9,-9,-9,-9,-9,-9,-9,-9,-9,-9,-9,-9,14,14,2,0,0,0,0,1,3,1,2,1,-9,14,14,-9,3,1,1,15,3,0,8,0,3,-9,13,3,-9,1,1,1,2,2,0,5,1,-9,3,4,7,4,1,4,4,2,2,11,4,0,-9,0,1,-9,1,16,-9,2,2,1,-9,-9,1,1,1,1,2,2,112,1,-9,2,2,5,4,7,1,-9,0,2,2,-9,-9,-9,-9,1,2,0,7
1969370,2031028,1,7,1,31,52,4,7,3,0,7,-9,-9,-9,-9,-9,-9,-9,-9,-9,-9,-9,-9,-9,-9,-9,-9,-9,-9,-9,-9,-9,1,1,2,1,1,1,0,4,3,1,2,1,-9,1,1,-9,8,2,1,10,3,1,-9,1,3,-9,75,2,-9,4,1,1,1,2,0,2,1,-9,3,1,7,4,3,4,4,33,24,54,1,0,-9,0,1,-9,1,-9,4,2,2,1,-9,-9,4,4,1,1,2,2,541,1,-9,2,2,3,4,9,4,-9,0,0,1,-9,-9,-9,-9,4,4,0,-9
2547059,385469,1,2,1,47,47,1,10,1,4,3,-9,-9,-9,-9,-9,-9,-9,-9,-9,-9,-9,-9,-9,-9,-9,-9,-9,-9,-9,-9,-9,1,1,2,0,0,0,1,2,3,1,2,1,-9,1,1,-9,6,1,1,15,4,0,-9,0,17,-9,13,1,-9,8,1,1,5,2,2,2,1,-9,3,1,7,4,3,4,4,11,11,12,1,0,-9,0,1,-9,2,-9,-9,2,2,1,-9,-9,1,1,1,2,2,4,124,1,-9,2,1,2,3,7,2,-9,0,1,1,-9,-9,-9,-9,3,3,0,-9
2184048,1501134,1,5,1,39,40,3,6,1,3,2,-9,-9,-9,-9,-9,-9,-9,-9,-9,-9,-9,-9,-9,-9,-9,-9,-9,-9,-9,-9,-9,1,1,2,0,0,0,0,1,3,8,2,1,-9,1,1,-9,3,1,1,15,3,0,-9,0,7,-9,22,-9,-9,1,1,1,2,2,0,2,1,-9,3,1,7,4,3,4,4,7,8,22,8,0,-9,0,1,-9,1,-9,1,2,2,1,-9,-9,1,1,1,2,2,4,223,1,-9,2,2,1,2,7,1,-9,0,2,1,-9,-9,-9,-9,3,3,0,-9
202055,1728917,1,6,1,75,75,-9,5,1,1,4,-9,-9,-9,-9,-9,-9,-9,-9,-9,-9,-9,-9,-9,-9,-9,-9,-9,-9,-9,-9,-9,1,1,2,0,0,0,0,1,3,1,12,1,-9,1,1,1,3,2,1,13,-9,0,-9,0,19,-9,31,-9,-9,1,9,1,2,2,0,2,1,-9,3,1,7,4,3,4,4,7,7,31,1,1,7,1,1,-9,1,-9,-9,2,2,1,-9,-9,-9,-9,1,1,2,2,311,1,-9,2,2,0,1,-9,2,12,0,0,-9,-9,-9,-9,-9,-9,-9,0,-9
1226862,1238495,1,9,1,53,53,1,6,1,2,2,-9,-9,-9,-9,-9,-9,-9,-9,-9,-9,-9,-9,-9,-9,-9,-9,-9,-9,-9,-9,-9,1,1,2,0,0,0,0,1,3,6,2,1,-9,1,1,-9,3,1,1,12,3,0,-9,0,8,-9,83,-9,-9,3,1,1,1,2,0,2,1,-9,2,2,7,4,3,4,4,33,33,82,1,0,-9,0,1,-9,1,-9,-9,2,2,2,-9,-9,3,3,1,1,2,3,821,1,-9,2,2,0,1,7,2,-9,0,2,1,-9,-9,-9,-9,3,3,0,-9
1024466,1805233,1,10,1,75,75,-9,5,1,1,2,-9,-9,-9,-9,-9,-9,-9,-9,-9,-9,-9,-9,-9,-9,-9,-9,-9,-9,-9,-9,-9,1,1,2,0,0,0,0,1,3,1,12,1,-9,1,1,1,3,2,1,15,-9,0,-9,0,16,-9,23,-9,-9,1,11,1,2,2,0,2,1,-9,3,1,7,4,3,4,4,7,7,23,1,1,7,1,1,-9,1,-9,1,2,2,1,-9,-9,-9,-9,1,2,2,2,231,1,-9,2,2,0,1,-9,1,12,0,0,-9,-9,-9,-9,-9,-9,-9,0,-9
1092900,499261,1,3,1,25,25,-9,6,1,1,2,-9,-9,-9,-9,-9,-9,-9,-9,-9,-9,-9,-9,-9,-9,-9,-9,-9,-9,-9,-9,-9,1,1,2,0,0,0,0,1,3,2,14,1,-9,1,1,1,3,2,1,12,-9,0,-9,0,17,-9,53,3,-9,3,4,1,1,2,0,3,1,-9,2,2,7,4,3,4,4,25,38,61,1,0,-9,0,1,-9,2,-9,3,1,2,1,-9,-9,2,2,1,2,2,3,614,1,-9,2,2,5,4,-9,2,4,0,1,-9,-9,-9,-9,-9,-9,-9,0,-9
1135653,316105,1,7,1,61,67,-9,5,1,0,6,-9,-9,-9,-9,-9,-9,-9,-9,-9,-9,-9,-9,-9,-9,-9,-9,-9,-9,-9,-9,-9,6,1,2,1,0,1,0,3,1,1,12,1,-9,1,1,1,3,3,1,10,-9,1,-9,1,19,-9,14,2,-9,2,11,1,3,2,0,5,1,-9,1,4,7,4,3,4,4,11,21,12,2,1,8,0,1,-9,1,-9,2,2,2,1,1,-9,-9,4,1,2,2,2,125,1,-9,2,2,3,4,-9,3,12,0,0,-9,-9,-9,-9,-9,-9,-9,0,3
1484756,1054382,1,9,1,29,29,-9,4,1,0,2,-9,-9,-9,-9,-9,-9,-9,-9,-9,-9,-9,-9,-9,-9,-9,-9,-9,-9,-9,-9,-9,1,1,2,0,0,0,0,1,3,2,14,1,-9,1,1,1,6,1,1,14,-9,0,-9,0,17,-9,53,2,-9,4,4,1,1,3,0,2,1,-9,3,1,7,4,3,4,4,25,25,61,1,0,-9,0,1,-9,1,-9,-9,2,2,1,-9,-9,4,4,1,2,1,2,614,1,-9,2,1,3,4,-9,4,3,0,0,-9,-9,-9,-9,-9,-9,-9,0,-9
1306502,2811515,2,11,1,42,42,9,9,1,2,2,-9,-9,-9,-9,-9,-9,-9,-9,-9,-9,-9,-9,-9,-9,-9,-9,-9,-9,-9,-9,-9,4,4,2,0,0,0,0,1,3,12,2,1,-9,1,1,-9,3,3,1,10,3,0,-9,0,6,-9,91,-9,-9,1,1,1,2,2,0,2,1,-9,3,4,7,4,3,4,1,32,32,92,1,0,-9,0,1,-9,2,-9,-9,2,2,1,-9,-9,4,4,1,1,2,4,923,1,-9,2,2,1,2,7,2,-9,0,2,3,0,0,0,0,2,1,0,-9
2305241,1958010,1,9,-9,20,53,-9,10,-9,2,4,-9,-9,-9,-9,-9,-9,-9,-9,-9,-9,-9,-9,-9,-9,-9,-9,-9,-9,-9,-9,-9,-9,1,-9,0,0,0,0,1,-9,-9,-9,-9,-9,1,-9,-9,-9,-9,1,-9,-9,0,-9,0,-9,-9,-9,-9,-9,-9,-9,-9,1,2,2,2,-9,-9,-9,-9,-9,-9,-9,-9,-9,-9,4,-9,-9,-9,-9,-9,2,-9,2,-9,5,-9,2,-9,-9,4,2,-9,1,1,2,3,-9,-9,-9,1,-9,1,2,-9,2,-9,0,-9,-9,-9,-9,-9,-9,-9,-9,-9,-9
460356,2702744,1,8,4,4,44,-9,6,1,0,1,-9,-9,-9,-9,-9,-9,-9,-9,-9,-9,-9,-9,-9,-9,-9,-9,-9,-9,-9,-9,-9,1,16,2,1,1,1,1,5,3,2,-9,-9,-9,18,18,-9,4,1,4,-9,-9,1,-9,1,-9,-9,-9,3,2,4,-9,9,1,2,1,4,19,1,1,4,7,4,3,4,4,-9,29,-9,1,0,-9,0,1,-9,3,-9,4,9,2,2,-9,-9,2,-9,1,2,2,3,-9,1,1,1,-9,5,4,-9,4,-9,0,1,-9,-9,-9,-9,-9,-9,-9,0,-9
2237102,282137,1,8,1,56,56,7,10,1,3,2,-9,-9,-9,-9,-9,-9,-9,-9,-9,-9,-9,-9,-9,-9,-9,-9,-9,-9,-9,-9,-9,19,19,2,0,0,0,0,1,3,7,2,1,-9,9,9,-9,3,2,2,16,3,0,-9,0,12,-9,21,-9,2,1,1,6,2,2,0,2,1,-9,1,4,7,4,3,4,4,16,16,52,1,0,-9,0,1,-9,2,-9,-9,4,2,1,-9,6,3,3,1,1,2,4,524,2,-9,2,2,0,1,7,3,-9,0,2,1,-9,-9,-9,-9,4,4,0,5
1776393,1299907,1,5,1,27,27,4,6,1,1,3,-9,-9,-9,-9,-9,-9,-9,-9,-9,-9,-9,-9,-9,-9,-9,-9,-9,-9,-9,-9,-9,1,1,2,0,1,1,0,3,3,2,2,1,-9,1,1,-9,3,1,1,12,4,0,-9,1,3,-9,54,1,-9,3,1,1,1,2,0,2,1,-9,2,2,7,4,3,4,4,25,25,92,8,0,-9,0,1,-9,2,-9,-9,2,2,1,-9,-9,3,3,1,1,2,3,924,1,-9,2,2,4,4,7,4,-9,0,1,1,-9,-9,-9,-9,4,4,0,-9
651757,2788050,2,11,1,30,30,-9,2,1,0,2,-9,-9,-9,-9,-9,-9,-9,-9,-9,-9,-9,-9,-9,-9,-9,-9,-9,-9,-9,-9,-9,4,4,-9,1,0,1,0,3,2,-9,16,-9,-9,1,1,2,2,4,1,10,-9,0,-9,1,-9,-9,-9,3,-9,4,-9,1,1,1,0,1,1,-9,3,4,7,4,3,4,1,36,36,-9,1,0,-9,0,1,-9,1,-9,-9,1,2,1,-9,-9,4,4,1,1,1,1,-9,1,-9,2,-9,5,4,-9,3,13,1,-9,-9,0,0,0,0,-9,-9,0,-9
1982552,1841945,1,10,1,85,85,-9,5,1,0,2,-9,-9,-9,-9,-9,-9,-9,-9,-9,-9,-9,-9,-9,-9,-9,-9,-9,-9,-9,-9,-9,1,1,2,0,0,1,0,2,2,1,12,2,-9,1,1,1,6,3,1,14,-9,1,-9,1,9,-9,14,1,-9,11,10,1,6,2,0,2,1,-9,2,2,7,4,3,4,4,19,19,12,8,1,8,1,1,-9,1,-9,-9,2,2,1,-9,-9,-9,-9,1,2,2,2,122,1,-9,2,2,2,3,-9,3,12,0,0,-9,-9,-9,-9,-9,-9,-9,0,-9
1483281,240484,1,8,1,60,60,-9,10,1,3,2,-9,-9,-9,-9,-9,-9,-9,-9,-9,-9,-9,-9,-9,-9,-9,-9,-9,-9,-9,-9,-9,14,14,2,0,1,1,0,3,1,1,15,1,-9,9,9,1,3,4,2,10,-9,0,-9,1,6,-9,71,-9,2,1,4,6,2,2,0,2,1,-9,1,4,7,4,3,4,4,33,33,53,1,0,-9,0,1,-9,2,-9,-9,4,2,1,-9,-9,3,3,1,1,2,4,531,1,-9,2,2,1,2,-9,3,4,0,0,-9,-9,-9,-9,-9,-9,-9,0,5
600791,485681,1,3,2,2,28,-9,6,1,1,2,-9,-9,-9,-9,-9,-9,-9,-9,-9,-9,-9,-9,-9,-9,-9,-9,-9,-9,-9,-9,-9,1,1,2,0,0,0,0,1,3,2,-9,-9,-9,1,1,-9,4,1,1,-9,-9,0,-9,0,-9,-9,-9,3,-9,4,-9,-9,1,2,1,2,1,4,3,1,7,4,3,4,4,-9,26,-9,8,0,-9,0,1,-9,2,-9,4,2,2,2,-9,-9,4,-9,1,1,2,3,-9,1,-9,1,-9,5,4,-9,3,-9,0,2,-9,-9,-9,-9,-9,-9,-9,0,-9
825887,892447,1,4,1,42,42,3,2,4,4,2,-9,-9,-9,-9,-9,-9,-9,-9,-9,-9,-9,-9,-9,-9,-9,-9,-9,-9,-9,-9,-9,19,19,-9,1,0,0,0,2,3,-9,1,1,-9,7,7,-9,2,3,1,11,2,1,-9,0,17,-9,53,2,-9,7,1,1,4,1,0,1,1,-9,3,1,7,4,3,4,4,25,25,61,1,0,-9,0,1,-9,1,-9,-9,7,2,1,-9,-9,3,3,1,2,1,1,614,1,-9,2,2,3,4,7,3,-9,3,-9,1,-9,-9,-9,-9,4,4,0,5
1005175,1060024,1,9,1,57,60,2,7,1,1,2,-9,-9,-9,-9,-9,-9,-9,-9,-9,-9,-9,-9,-9,-9,-9,-9,-9,-9,-9,-9,-9,1,2,2,0,0,0,0,1,3,1,2,1,-9,1,1,-9,3,2,1,13,3,0,-9,0,3,-9,44,3,-9,1,1,1,2,2,2,3,1,-9,3,1,7,4,3,4,4,13,33,41,1,0,-9,0,1,-9,1,-9,1,1,2,1,-9,-9,4,4,1,2,2,2,415,1,-9,2,2,5,4,7,2,-9,0,2,1,-9,-9,-9,-9,3,3,0,-9
1516577,320229,1,7,-9,18,50,-9,10,-9,2,7,-9,-9,-9,-9,-9,-9,-9,-9,-9,-9,-9,-9,-9,-9,-9,-9,-9,-9,-9,-9,-9,-9,13,-9,0,0,0,0,1,-9,-9,-9,-9,-9,14,-9,-9,-9,-9,3,-9,-9,0,-9,0,-9,-9,-9,2,-9,-9,-9,-9,1,3,0,6,-9,-9,-9,-9,-9,-9,-9,-9,-9,-9,21,-9,-9,-9,-9,-9,2,-9,2,-9,4,-9,2,-9,-9,-8,2,-9,1,1,2,3,-9,-9,-9,1,-9,3,4,-9,4,-9,0,-9,-9,-9,-9,-9,-9,-9,-9,-9,-9
2139315,1699632,2,11,1,16,51,-9,10,1,3,4,-9,-9,-9,-9,-9,-9,-9,-9,-9,-9,-9,-9,-9,-9,-9,-9,-9,-9,-9,-9,-9,4,13,2,0,0,0,0,1,3,13,13,-9,-9,1,1,2,4,1,1,12,-9,0,-9,0,-9,-9,-9,-9,-9,4,-9,1,1,2,0,5,1,-9,1,4,7,4,3,4,4,38,7,-9,1,0,-9,0,1,-9,1,-9,4,1,2,1,-9,-9,2,2,1,1,2,4,-9,1,1,1,-9,1,2,-9,1,13,0,1,-9,0,0,0,0,-9,-9,0,-9
1530059,185374,1,2,1,58,58,5,7,1,1,2,-9,-9,-9,-9,-9,-9,-9,-9,-9,-9,-9,-9,-9,-9,-9,-9,-9,-9,-9,-9,-9,1,1,2,1,0,1,0,3,3,1,2,1,-9,1,1,-9,3,2,1,10,3,0,-9,1,3,-9,73,-9,-9,1,1,1,2,2,0,2,1,-9,2,2,7,4,3,4,4,22,22,54,1,0,-9,0,1,-9,1,-9,-9,2,2,1,-9,-9,3,3,1,1,2,2,542,1,-9,2,2,0,1,7,3,-9,0,2,1,-9,-9,-9,-9,4,4,0,-9
873603,2828627,1,9,1,38,67,1,10,1,1,2,-9,-9,-9,-9,-9,-9,-9,-9,-9,-9,-9,-9,-9,-9,-9,-9,-9,-9,-9,-9,-9,1,3,2,0,0,1,0,2,3,1,2,1,-9,1,1,-9,5,2,1,11,3,0,-9,1,3,-9,44,-9,-9,4,1,1,1,2,0,2,1,-9,3,1,7,4,3,4,4,13,24,41,8,0,8,0,1,-9,1,-9,4,2,2,1,-9,-9,-9,4,1,1,2,3,415,1,-9,2,2,0,1,9,2,-9,0,1,1,-9,-9,-9,-9,3,3,0,-9
2038869,2276964,1,2,1,31,39,3,7,1,1,2,-9,-9,-9,-9,-9,-9,-9,-9,-9,-9,-9,-9,-9,-9,-9,-9,-9,-9,-9,-9,-9,1,1,2,0,0,0,0,1,3,1,2,1,-9,1,1,-9,3,3,1,14,3,0,-9,0,4,-9,42,-9,-9,3,1,1,1,2,0,5,1,-9,3,1,7,4,3,4,4,14,19,72,1,0,-9,0,1,-9,1,-9,3,2,2,1,-9,-9,3,3,1,2,2,2,721,1,-9,2,2,1,2,4,2,-9,0,2,1,-9,-9,-9,-9,3,3,0,-9
2811482,18240,1,9,1,16,-9,-9,-9,1,-9,-9,0,0,0,0,0,0,0,0,0,0,1,0,0,0,0,0,0,0,1,0,0,17,-9,-9,-9,-9,-9,-9,-9,3,-9,13,-9,3,-9,12,2,9,1,-9,12,-9,-9,11,-9,-9,-9,-9,-9,2,-9,-9,9,1,-9,-9,-9,1,-9,3,4,7,4,1,4,4,38,-9,-9,7,0,-9,0,1,1,-9,20,-9,3,1,1,-9,3,-9,-9,-9,2,-9,-9,-9,6,3,1,-9,-9,-9,-9,-9,13,-9,-9,-9,-9,-9,-9,-9,-9,-9,0,10
1134831,301525,1,8,1,56,56,-9,2,1,0,2,-9,-9,-9,-9,-9,-9,-9,-9,-9,-9,-9,-9,-9,-9,-9,-9,-9,-9,-9,-9,-9,24,24,-9,1,1,0,0,3,3,-9,7,1,-9,15,15,1,2,2,1,11,-9,0,-9,0,14,-9,33,-9,-9,4,4,1,1,1,0,1,1,-9,1,4,7,4,3,4,4,37,37,42,1,0,-9,0,1,-9,1,-9,-9,2,2,1,-9,-9,2,2,1,2,1,1,421,1,-9,2,2,0,1,-9,4,4,0,-9,-9,-9,-9,-9,-9,-9,-9,0,4
2600961,1206277,1,4,1,62,66,-9,5,1,1,2,-9,-9,-9,-9,-9,-9,-9,-9,-9,-9,-9,-9,-9,-9,-9,-9,-9,-9,-9,-9,-9,1,1,-9,1,0,1,0,3,3,-9,12,1,-9,1,1,1,2,3,1,10,-9,0,-9,1,16,-9,42,-9,-9,4,8,1,1,2,0,3,1,-9,3,1,7,4,3,4,4,13,3,41,8,1,8,0,1,-9,1,-9,6,1,2,1,-9,-9,-9,1,1,2,2,2,412,1,-9,2,2,0,1,-9,1,12,0,-9,-9,-9,-9,-9,-9,-9,-9,0,-9
408758,1249814,1,9,1,70,55,-9,10,1,2,2,-9,-9,-9,-9,-9,-9,-9,-9,-9,-9,-9,-9,-9,-9,-9,-9,-9,-9,-9,-9,-9,1,1,-9,0,0,1,0,2,2,-9,12,-9,-9,1,1,2,1,2,1,10,-9,2,-9,1,-9,-9,-9,-9,-9,11,-9,1,6,2,0,2,1,-9,2,2,7,4,3,4,4,36,33,-9,4,1,9,1,1,-9,2,36,12,2,2,1,-9,-9,3,-9,1,2,2,4,-9,1,-9,2,-9,1,2,-9,1,13,0,-9,-9,-9,-9,-9,-9,-9,-9,0,-9
348231,2531810,1,9,1,46,80,-9,10,1,0,2,-9,-9,-9,-9,-9,-9,-9,-9,-9,-9,-9,-9,-9,-9,-9,-9,-9,-9,-9,-9,-9,1,1,2,1,1,1,0,4,1,1,15,1,-9,1,1,1,8,5,1,10,-9,0,-9,1,9,-9,51,-9,-9,4,10,1,1,2,0,6,1,-9,3,1,7,4,3,4,4,21,34,82,8,0,9,0,1,-9,2,-9,4,9,2,1,-9,-9,-9,4,1,1,2,3,821,1,-9,2,1,0,1,-9,3,12,0,0,-9,-9,-9,-9,-9,-9,-9,0,-9
2794282,238646,1,8,1,80,80,-9,1,1,1,2,-9,-9,-9,-9,-9,-9,-9,-9,-9,-9,-9,-9,-9,-9,-9,-9,-9,-9,-9,-9,-9,4,4,-9,0,0,1,0,2,2,-9,12,1,-9,1,1,1,1,2,1,15,-9,0,-9,1,16,-9,23,-9,-9,11,11,1,6,1,0,1,1,-9,3,1,7,4,3,4,4,7,7,23,1,1,4,1,1,-9,1,-9,-9,9,2,1,-9,-9,-9,-9,1,2,1,1,231,1,-9,2,1,0,1,-9,1,12,0,-9,-9,-9,-9,-9,-9,-9,-9,0,-9
874278,2840297,1,9,1,70,70,-9,1,1,0,2,-9,-9,-9,-9,-9,-9,-9,-9,-9,-9,-9,-9,-9,-9,-9,-9,-9,-9,-9,-9,-9,2,2,-9,1,0,0,0,2,3,-9,12,1,-9,1,1,1,1,2,1,10,-9,0,-9,0,14,-9,96,-9,-9,11,7,1,6,1,0,1,1,-9,1,4,7,4,3,4,4,29,29,92,1,1,3,1,1,-9,1,-9,-9,2,2,1,-9,-9,-9,-9,1,2,1,1,921,1,-9,2,2,0,1,-9,3,9,0,-9,-9,-9,-9,-9,-9,-9,-9,0,-9
1624588,574386,1,1,1,62,62,2,7,1,1,2,-9,-9,-9,-9,-9,-9,-9,-9,-9,-9,-9,-9,-9,-9,-9,-9,-9,-9,-9,-9,-9,1,1,2,0,0,0,0,1,3,1,2,1,-9,1,1,-9,3,2,1,12,3,0,-9,0,17,-9,31,-9,-9,1,1,1,2,2,0,2,1,-9,3,1,7,4,3,4,4,21,21,53,1,0,-9,0,1,-9,1,-9,-9,2,2,1,-9,-9,3,3,1,1,2,2,533,1,-9,2,1,0,1,7,2,-9,0,1,1,-9,-9,-9,-9,4,4,0,-9
1265977,2366047,1,5,1,54,60,1,10,1,0,2,-9,-9,-9,-9,-9,-9,-9,-9,-9,-9,-9,-9,-9,-9,-9,-9,-9,-9,-9,-9,-9,10,10,-9,0,0,0,0,1,3,-9,2,1,-9,4,4,-9,2,2,4,15,3,1,4,0,16,-9,13,2,4,5,1,9,2,2,2,6,1,-9,3,4,7,4,1,4,4,3,12,23,7,0,-9,0,1,-9,2,8,12,2,2,1,-9,-9,3,3,1,2,2,4,231,1,-9,2,2,3,4,10,4,-9,0,-9,1,-9,-9,-9,-9,3,3,0,9
1740914,2396533,1,2,1,70,70,8,5,1,2,2,-9,-9,-9,-9,-9,-9,-9,-9,-9,-9,-9,-9,-9,-9,-9,-9,-9,-9,-9,-9,-9,1,1,2,0,0,0,0,1,3,1,6,2,-9,1,1,-9,3,2,1,12,3,0,-9,0,6,-9,71,-9,-9,1,1,1,2,2,0,2,1,-9,3,1,7,4,3,4,4,19,19,53,1,1,6,1,1,-9,1,-9,-9,2,2,1,-9,-9,-9,-9,1,1,2,2,532,1,-9,2,2,0,1,7,2,-9,0,1,2,-9,-9,-9,-9,1,2,0,-9
1834966,1744606,1,2,3,18,19,-9,10,1,1,2,-9,-9,-9,-9,-9,-9,-9,-9,-9,-9,-9,-9,-9,-9,-9,-9,-9,-9,-9,-9,-9,2,1,-9,0,0,1,1,3,3,-9,13,-9,-9,1,1,2,2,3,1,14,-9,0,-9,0,-9,-9,-9,1,-9,4,-9,1,1,2,2,9,18,12,2,4,7,4,3,2,4,38,38,-9,1,0,-9,0,1,-9,2,-9,13,2,2,2,-9,3,2,2,1,2,2,7,-9,4,5,1,-9,4,4,-9,5,13,0,-9,-9,-9,-9,-9,-9,-9,-9,0,-9
102155,376566,1,2,1,75,75,-9,5,1,1,1,-9,-9,-9,-9,-9,-9,-9,-9,-9,-9,-9,-9,-9,-9,-9,-9,-9,-9,-9,-9,-9,1,1,2,0,0,0,1,2,3,1,12,1,-9,1,1,1,3,2,1,11,-9,0,-9,0,15,-9,23,-9,-9,1,11,1,2,2,0,2,1,-9,3,1,7,4,3,4,4,12,12,23,8,1,7,1,1,-9,1,-9,-9,2,2,1,-9,-9,-9,-9,1,1,2,2,231,1,-9,2,1,0,1,-9,1,12,0,0,-9,-9,-9,-9,-9,-9,-9,0,-9
1586545,666680,1,5,1,49,50,4,10,1,2,2,-9,-9,-9,-9,-9,-9,-9,-9,-9,-9,-9,-9,-9,-9,-9,-9,-9,-9,-9,-9,-9,1,1,2,0,0,0,0,1,3,7,2,1,-9,1,1,-9,3,2,1,15,3,0,-9,0,8,-9,13,-9,-9,1,1,1,2,2,0,2,1,-9,3,1,7,4,3,4,4,11,14,11,1,0,-9,0,1,-9,2,-9,1,2,2,1,-9,-9,3,3,1,1,2,4,116,1,-9,2,1,1,2,7,3,-9,0,2,1,-9,-9,-9,-9,4,4,0,-9
1131496,276394,1,8,1,47,55,8,9,1,1,2,-9,-9,-9,-9,-9,-9,-9,-9,-9,-9,-9,-9,-9,-9,-9,-9,-9,-9,-9,-9,-9,1,20,2,0,0,0,1,2,3,12,10,2,-9,10,14,-9,8,1,1,15,2,0,-9,0,13,-9,24,-9,-9,4,1,1,1,3,0,2,1,-9,1,4,7,4,3,4,4,38,30,24,1,0,-9,0,1,-9,3,-9,5,6,2,1,-9,-9,2,2,1,1,2,6,242,1,2,1,2,1,2,1,3,-9,0,1,2,-9,-9,-9,-9,1,2,0,-9
345919,1005660,1,6,1,44,44,2,7,2,2,2,-9,-9,-9,-9,-9,-9,-9,-9,-9,-9,-9,-9,-9,-9,-9,-9,-9,-9,-9,-9,-9,1,1,2,0,0,0,0,1,3,1,2,1,-9,1,1,-9,3,1,1,12,4,2,-9,0,8,-9,44,-9,-9,1,1,1,2,2,0,2,1,-9,3,1,7,4,3,4,4,25,25,92,1,0,-9,0,1,-9,1,-9,-9,2,2,1,-9,-9,3,3,1,1,2,2,921,1,-9,2,2,1,2,7,2,-9,0,2,1,-9,-9,-9,-9,3,3,0,-9
1661517,1158538,1,4,1,53,53,-9,2,1,0,3,-9,-9,-9,-9,-9,-9,-9,-9,-9,-9,-9,-9,-9,-9,-9,-9,-9,-9,-9,-9,-9,1,1,-9,1,1,1,0,4,2,-9,15,-9,-9,1,1,2,2,2,1,10,-9,0,-9,1,-9,-9,-9,1,-9,8,-9,1,5,1,0,1,1,-9,3,1,7,4,3,4,4,36,36,-9,1,0,-9,0,1,-9,1,-9,-9,1,2,1,-9,-9,4,4,1,2,1,1,-9,1,-9,2,-9,4,4,-9,4,13,0,-9,-9,-9,-9,-9,-9,-9,-9,0,-9
155958,1625305,2,11,1,21,26,4,7,1,2,2,-9,-9,-9,-9,-9,-9,-9,-9,-9,-9,-9,-9,-9,-9,-9,-9,-9,-9,-9,-9,-9,1,4,2,0,0,0,0,1,3,1,2,1,-9,1,1,-9,3,1,1,12,3,0,-9,0,9,-9,53,5,-9,3,1,1,1,2,0,2,1,-9,1,4,7,4,3,4,4,25,11,61,8,0,-9,0,1,-9,1,-9,3,2,2,1,-9,-9,3,3,1,2,2,2,614,1,-9,2,2,7,4,7,3,-9,0,2,1,0,0,0,0,4,4,0,-9
565459,1132248,1,4,-9,20,55,-9,7,-9,1,2,-9,-9,-9,-9,-9,-9,-9,-9,-9,-9,-9,-9,-9,-9,-9,-9,-9,-9,-9,-9,-9,-9,1,-9,0,1,0,0,2,-9,-9,-9,-9,-9,1,-9,-9,-9,-9,1,-9,-9,0,-9,0,-9,-9,-9,-9,-9,-9,-9,-9,1,2,0,4,-9,-9,-9,-9,-9,-9,-9,-9,-9,-9,19,-9,-9,-9,-9,-9,2,-9,1,-9,4,-9,2,-9,-9,4,3,-9,1,2,2,2,-9,-9,-9,1,-9,0,1,-9,2,-9,0,-9,-9,-9,-9,-9,-9,-9,-9,-9,-9
2522423,1018219,1,9,1,5,36,-9,8,1,3,2,-9,-9,-9,-9,-9,-9,-9,-9,-9,-9,-9,-9,-9,-9,-9,-9,-9,-9,-9,-9,-9,1,1,2,0,0,0,0,1,3,15,-9,-9,-9,1,1,-9,4,1,1,-9,-9,0,-9,0,-9,-9,-9,-9,-9,4,-9,1,1,2,0,3,1,-9,3,1,7,4,3,4,4,-9,19,-9,8,0,-9,0,1,-9,2,-9,4,1,2,1,-9,-9,1,-9,1,1,2,5,-9,1,1,1,-9,1,2,-9,1,-9,0,1,-9,-9,-9,-9,-9,-9,-9,0,-9
762832,456990,1,2,1,70,70,-9,5,1,1,2,-9,-9,-9,-9,-9,-9,-9,-9,-9,-9,-9,-9,-9,-9,-9,-9,-9,-9,-9,-9,-9,1,1,2,0,0,0,0,1,3,1,12,1,-9,1,1,1,3,2,1,13,-9,0,-9,0,15,-9,96,-9,-9,1,7,1,2,2,0,2,1,-9,1,4,7,4,3,4,4,25,13,92,1,1,6,1,1,-9,1,-9,1,2,2,1,-9,-9,-9,-9,1,1,2,2,924,1,-9,2,2,0,1,-9,2,10,0,0,-9,-9,-9,-9,-9,-9,-9,0,-9
2092394,168288,1,9,1,70,70,6,1,1,1,3,-9,-9,-9,-9,-9,-9,-9,-9,-9,-9,-9,-9,-9,-9,-9,-9,-9,-9,-9,-9,-9,1,1,-9,0,0,0,0,1,3,-9,4,3,-9,1,1,-9,1,1,1,15,4,0,-9,0,13,-9,24,3,-9,8,1,1,5,1,0,1,1,-9,1,4,7,4,3,4,4,11,11,24,1,1,0,1,1,-9,1,-9,-9,1,2,1,-9,-9,-9,-9,1,1,1,1,242,1,-9,2,1,5,4,3,4,-9,0,-9,1,-9,-9,-9,-9,4,4,0,-9
1082717,347399,1,2,1,9,59,-9,9,1,1,2,-9,-9,-9,-9,-9,-9,-9,-9,-9,-9,-9,-9,-9,-9,-9,-9,-9,-9,-9,-9,-9,1,1,2,0,1,1,0,3,3,4,-9,-9,-9,1,1,-9,4,1,1,-9,-9,2,-9,1,-9,-9,-9,1,-9,4,-9,1,1,2,0,2,1,-9,3,1,7,4,3,4,4,-9,13,-9,8,0,-9,0,1,-9,2,-9,10,2,2,2,-9,-9,2,-9,1,2,2,4,-9,1,1,1,-9,4,4,-9,2,-9,0,1,-9,-9,-9,-9,-9,-9,-9,0,-9
1676956,2153421,1,6,1,48,48,-9,2,2,1,2,-9,-9,-9,-9,-9,-9,-9,-9,-9,-9,-9,-9,-9,-9,-9,-9,-9,-9,-9,-9,-9,1,1,-9,0,1,1,0,3,2,-9,15,2,-9,1,1,1,2,3,1,14,-9,1,-9,1,7,-9,72,1,-9,11,6,1,6,1,0,1,1,-9,3,1,7,4,3,4,4,19,19,52,1,0,-9,0,1,-9,1,-9,-9,2,2,1,-9,-9,3,3,1,1,1,1,523,1,-9,2,1,4,4,-9,4,8,0,-9,-9,-9,-9,-9,-9,-9,-9,0,-9
794964,2024116,1,7,1,24,63,-9,10,1,0,3,-9,-9,-9,-9,-9,-9,-9,-9,-9,-9,-9,-9,-9,-9,-9,-9,-9,-9,-9,-9,-9,16,16,2,0,0,1,0,2,3,1,13,1,-9,17,17,1,5,2,2,15,-9,0,-9,2,10,-9,26,2,-9,4,3,1,1,2,0,2,1,-9,1,4,7,4,3,4,4,38,36,34,1,0,-9,0,1,-9,2,-9,4,6,2,1,-9,-9,4,4,1,1,2,4,341,1,1,1,2,3,4,-9,2,2,0,0,-9,-9,-9,-9,-9,-9,-9,0,6
382675,2831696,1,9,1,70,75,-9,5,1,2,2,-9,-9,-9,-9,-9,-9,-9,-9,-9,-9,-9,-9,-9,-9,-9,-9,-9,-9,-9,-9,-9,1,1,2,1,0,1,0,3,2,1,12,1,-9,1,1,1,3,3,1,10,-9,0,-9,1,14,-9,93,-9,-9,1,10,1,2,2,0,2,1,-9,3,1,7,4,3,4,4,24,34,92,1,1,7,1,1,-9,1,-9,1,2,2,1,-9,-9,-9,-9,1,2,2,2,925,1,-9,2,2,0,1,-9,1,12,0,1,-9,-9,-9,-9,-9,-9,-9,0,-9
1960918,1909623,1,6,2,38,36,-9,6,1,2,5,-9,-9,-9,-9,-9,-9,-9,-9,-9,-9,-9,-9,-9,-9,-9,-9,-9,-9,-9,-9,-9,1,1,2,0,0,0,0,1,3,8,14,1,-9,1,1,1,3,1,1,14,-9,0,-9,0,17,-9,33,-9,-9,1,6,1,2,2,1,5,3,7,3,1,7,4,3,4,4,13,33,42,1,0,-9,0,1,-9,2,-9,1,2,2,1,-9,-9,4,4,1,2,2,4,421,1,-9,2,2,1,2,-9,1,8,0,1,-9,-9,-9,-9,-9,-9,-9,0,-9
2744984,1983802,1,8,2,43,70,5,10,1,1,2,-9,-9,-9,-9,-9,-9,-9,-9,-9,-9,-9,-9,-9,-9,-9,-9,-9,-9,-9,-9,-9,21,21,2,0,0,1,0,2,3,1,2,1,-9,13,13,-9,5,1,1,15,3,1,-9,1,17,-9,21,-9,-9,5,1,1,2,2,1,8,3,11,1,4,7,4,3,4,4,3,13,21,1,0,8,0,1,-9,1,-9,4,1,2,1,-9,-9,-9,2,1,2,2,3,211,1,-9,2,1,1,2,3,2,-9,0,0,1,-9,-9,-9,-9,4,4,0,6
1586760,752714,1,3,1,15,39,-9,9,1,0,2,-9,-9,-9,-9,-9,-9,-9,-9,-9,-9,-9,-9,-9,-9,-9,-9,-9,-9,-9,-9,-9,14,14,2,0,0,0,1,2,3,12,-9,-9,-9,14,14,-9,4,2,2,-9,-9,0,-9,0,-9,-9,-9,2,1,4,-9,9,1,2,0,2,1,-9,1,4,7,4,3,4,4,-9,25,-9,7,0,-9,0,1,-9,2,12,4,2,2,1,-9,-9,4,-9,2,1,2,5,-9,1,1,1,-9,3,4,-9,5,-9,0,2,-9,-9,-9,-9,-9,-9,-9,0,9
1320501,812329,1,1,1,20,45,-9,10,2,0,1,-9,-9,-9,-9,-9,-9,-9,-9,-9,-9,-9,-9,-9,-9,-9,-9,-9,-9,-9,-9,-9,1,1,2,0,0,1,1,3,3,7,13,1,-9,1,1,1,8,1,1,12,-9,2,-9,1,18,-9,52,-9,-9,4,5,1,1,2,0,2,1,-9,3,1,7,4,3,4,4,38,21,71,8,0,-9,0,1,-9,1,-9,4,2,2,1,-9,-9,4,4,1,2,2,3,711,1,1,1,2,1,2,-9,2,5,0,1,-9,-9,-9,-9,-9,-9,-9,0,-9
2249567,1584653,1,2,1,47,61,1,10,2,3,2,-9,-9,-9,-9,-9,-9,-9,-9,-9,-9,-9,-9,-9,-9,-9,-9,-9,-9,-9,-9,-9,1,4,2,0,0,0,0,1,3,1,1,1,-9,1,1,-9,3,1,1,12,2,1,-9,0,18,-9,44,-9,-9,1,1,1,2,2,0,2,1,-9,1,4,7,4,3,4,4,13,22,41,1,0,-9,0,1,-9,1,-9,1,2,2,1,-9,-9,2,2,1,2,2,3,413,1,-9,2,2,0,1,7,2,-9,0,2,1,-9,-9,-9,-9,3,3,0,-9
555218,170070,1,2,1,68,70,-9,5,1,2,2,-9,-9,-9,-9,-9,-9,-9,-9,-9,-9,-9,-9,-9,-9,-9,-9,-9,-9,-9,-9,-9,1,1,2,0,0,1,0,2,1,1,12,1,-9,1,1,1,3,2,1,15,-9,0,-9,1,18,-9,34,-9,-9,1,11,1,2,2,0,2,1,-9,3,1,7,4,3,4,4,7,4,34,1,1,6,1,1,-9,1,-9,1,2,2,1,-9,6,-9,-9,1,2,2,2,344,6,-9,2,2,0,1,-9,2,12,0,0,-9,-9,-9,-9,-9,-9,-9,0,-9
1459863,1435976,1,5,1,70,70,-9,10,1,1,2,-9,-9,-9,-9,-9,-9,-9,-9,-9,-9,-9,-9,-9,-9,-9,-9,-9,-9,-9,-9,-9,6,6,2,0,1,1,0,3,1,1,12,1,-9,2,2,1,3,5,1,10,-9,0,-9,2,7,-9,44,-9,-9,1,11,1,2,3,0,2,1,-9,3,4,1,4,1,4,4,13,21,41,5,1,8,1,1,-9,1,-9,1,2,2,1,-9,-9,-9,-9,1,2,2,3,415,1,-9,2,2,0,1,-9,1,12,0,0,-9,-9,-9,-9,-9,-9,-9,0,3
1411819,685949,1,5,3,20,25,2,6,1,0,3,-9,-9,-9,-9,-9,-9,-9,-9,-9,-9,-9,-9,-9,-9,-9,-9,-9,-9,-9,-9,-9,14,14,-9,0,0,0,1,2,3,-9,1,1,-9,14,14,-9,2,2,3,13,2,0,8,0,14,-9,91,1,1,4,1,9,1,3,2,6,9,6,3,4,7,4,1,4,4,34,21,92,1,0,-9,0,1,-9,2,-9,12,2,2,1,-9,-9,4,4,1,2,2,3,923,1,-9,2,2,4,4,7,4,-9,0,-9,1,-9,-9,-9,-9,3,3,0,8
1003898,2548134,1,9,1,40,40,1,2,1,1,2,-9,-9,-9,-9,-9,-9,-9,-9,-9,-9,-9,-9,-9,-9,-9,-9,-9,-9,-9,-9,-9,1,1,-9,0,0,1,1,3,2,-9,1,1,-9,1,1,-9,2,2,1,15,1,0,-9,1,16,-9,23,3,-9,4,1,1,1,1,0,1,1,-9,1,4,7,4,3,4,4,38,38,23,1,0,-9,0,1,-9,1,-9,-9,5,2,1,-9,-9,1,1,1,2,1,1,231,1,-9,2,2,5,4,10,5,-9,0,-9,1,-9,-9,-9,-9,3,3,0,-9
459946,2684065,1,8,3,33,33,4,6,1,1,2,-9,-9,-9,-9,-9,-9,-9,-9,-9,-9,-9,-9,-9,-9,-9,-9,-9,-9,-9,-9,-9,8,8,2,0,0,0,0,1,3,2,2,1,-9,4,4,-9,3,1,3,15,3,0,2,0,3,-9,73,-9,1,1,1,2,2,2,1,2,5,10,3,4,7,4,1,4,4,22,22,52,7,0,-9,0,1,-9,1,7,-9,2,2,1,-9,-9,3,3,1,1,2,3,522,1,-9,2,2,1,2,6,2,-9,0,2,1,-9,-9,-9,-9,4,4,0,9
855407,1677669,1,6,1,20,55,4,10,1,3,2,-9,-9,-9,-9,-9,-9,-9,-9,-9,-9,-9,-9,-9,-9,-9,-9,-9,-9,-9,-9,-9,1,1,2,0,0,0,0,1,3,1,2,1,-9,1,1,-9,5,2,1,12,3,0,-9,0,6,-9,71,-9,-9,4,1,1,1,2,0,5,1,-9,3,1,7,4,3,4,4,22,14,53,1,0,-9,0,1,-9,1,-9,4,1,2,2,-9,-9,2,2,1,1,2,3,531,1,-9,2,2,1,2,7,1,-9,1,2,1,-9,-9,-9,-9,3,3,0,-9
1932925,2720529,1,2,1,80,80,-9,5,1,2,2,-9,-9,-9,-9,-9,-9,-9,-9,-9,-9,-9,-9,-9,-9,-9,-9,-9,-9,-9,-9,-9,4,4,2,0,0,1,0,2,1,1,12,1,-9,1,1,1,3,3,1,15,-9,1,-9,1,16,-9,23,-9,-9,1,11,1,2,2,0,2,1,-9,2,4,7,4,3,4,2,7,7,23,1,1,7,1,1,-9,1,-9,-9,2,2,1,-9,-9,-9,-9,1,2,2,2,231,1,-9,2,2,0,1,-9,1,12,0,0,-9,-9,-9,-9,-9,-9,-9,0,-9
793965,2017846,1,7,1,85,85,-9,1,1,0,2,-9,-9,-9,-9,-9,-9,-9,-9,-9,-9,-9,-9,-9,-9,-9,-9,-9,-9,-9,-9,-9,25,25,-9,1,0,1,0,3,1,-9,12,1,-9,9,9,1,1,3,4,10,-9,0,19,1,15,-9,96,2,3,11,11,9,6,1,0,1,1,-9,3,4,7,4,1,4,4,31,31,92,4,1,5,1,1,-9,1,33,-9,2,2,1,-9,-9,-9,-9,1,2,1,1,924,1,-9,2,2,3,4,-9,4,12,0,-9,-9,-9,-9,-9,-9,-9,-9,0,5
1082532,344325,1,2,1,51,51,3,6,1,2,2,-9,-9,-9,-9,-9,-9,-9,-9,-9,-9,-9,-9,-9,-9,-9,-9,-9,-9,-9,-9,-9,1,1,2,0,0,0,0,1,3,5,2,1,-9,1,1,-9,3,1,1,15,4,0,-9,0,16,-9,23,-9,-9,1,1,1,2,2,0,2,1,-9,3,1,7,4,3,4,4,7,7,23,1,0,-9,0,1,-9,1,-9,-9,2,2,2,-9,-9,1,1,1,2,2,3,231,1,-9,2,1,1,2,7,1,-9,0,2,1,-9,-9,-9,-9,3,3,0,-9
2380726,2547918,1,9,1,49,49,6,10,1,2,2,-9,-9,-9,-9,-9,-9,-9,-9,-9,-9,-9,-9,-9,-9,-9,-9,-9,-9,-9,-9,-9,1,1,2,0,0,0,0,1,3,7,2,1,-9,1,1,-9,3,2,1,15,3,0,-9,0,19,-9,12,-9,-9,1,1,1,2,2,0,5,1,-9,3,1,7,4,3,4,4,11,11,11,1,0,-9,0,1,-9,1,-9,-9,2,2,1,-9,-9,1,1,1,1,2,3,113,1,-9,2,1,1,2,3,3,-9,0,2,1,-9,-9,-9,-9,4,4,0,-9
2578157,1944877,1,10,1,90,90,-9,1,1,0,3,-9,-9,-9,-9,-9,-9,-9,-9,-9,-9,-9,-9,-9,-9,-9,-9,-9,-9,-9,-9,-9,1,1,-9,0,0,1,0,2,1,-9,12,1,-9,1,1,1,1,2,1,12,-9,0,-9,1,16,-9,53,-9,-9,11,11,1,6,1,0,1,1,-9,3,1,7,4,3,4,4,12,12,61,1,1,5,1,1,-9,1,-9,-9,2,2,1,-9,-9,-9,-9,1,2,1,1,612,1,-9,2,1,0,1,-9,4,12,0,-9,-9,-9,-9,-9,-9,-9,-9,0,-9
2665681,2828179,1,9,1,12,43,-9,8,1,0,2,-9,-9,-9,-9,-9,-9,-9,-9,-9,-9,-9,-9,-9,-9,-9,-9,-9,-9,-9,-9,-9,1,1,2,1,1,1,1,5,3,16,-9,-9,-9,1,1,-9,4,1,1,-9,-9,1,-9,1,-9,-9,-9,2,-9,4,-9,1,1,2,0,5,1,-9,3,1,7,4,3,4,4,-9,33,-9,1,0,-9,0,1,-9,3,-9,4,2,2,1,-9,-9,4,-9,1,2,2,6,-9,1,1,1,-9,3,4,-9,4,-9,0,0,-9,-9,-9,-9,-9,-9,-9,0,-9
169946,868555,1,3,1,6,41,-9,6,1,0,7,-9,-9,-9,-9,-9,-9,-9,-9,-9,-9,-9,-9,-9,-9,-9,-9,-9,-9,-9,-9,-9,1,1,2,1,1,1,0,4,3,9,-9,-9,-9,1,1,-9,4,1,1,-9,-9,1,-9,1,-9,-9,-9,2,-9,4,-9,1,1,2,0,3,1,-9,3,1,7,4,3,4,4,-9,34,-9,1,0,-9,0,1,-9,2,-9,4,1,2,1,-9,-9,4,-9,1,1,2,4,-9,1,1,1,-9,3,4,-9,1,-9,0,0,-9,-9,-9,-9,-9,-9,-9,0,-9
1622779,2197002,1,9,1,43,43,-9,2,1,1,3,-9,-9,-9,-9,-9,-9,-9,-9,-9,-9,-9,-9,-9,-9,-9,-9,-9,-9,-9,-9,-9,1,1,-9,0,1,1,1,4,1,-9,15,1,-9,1,1,1,2,4,1,12,-9,0,-9,1,7,-9,75,2,-9,4,4,1,1,1,0,1,1,-9,1,4,7,4,3,4,4,22,22,54,1,0,-9,0,1,-9,2,-9,-9,1,2,1,-9,-9,4,4,1,1,1,1,543,1,-9,2,2,3,4,-9,4,3,0,-9,-9,-9,-9,-9,-9,-9,-9,0,-9
1267482,669162,1,5,1,11,41,-9,6,1,0,2,-9,-9,-9,-9,-9,-9,-9,-9,-9,-9,-9,-9,-9,-9,-9,-9,-9,-9,-9,-9,-9,1,1,2,0,0,1,0,2,3,11,-9,-9,-9,1,1,-9,4,1,1,-9,-9,0,-9,1,-9,-9,-9,2,-9,4,-9,1,1,2,0,5,1,-9,3,1,7,4,3,4,4,-9,27,-9,8,0,-9,0,1,-9,2,-9,4,2,2,1,-9,-9,4,-9,1,2,2,4,-9,1,1,1,-9,3,4,-9,2,-9,0,2,-9,-9,-9,-9,-9,-9,-9,0,-9
66376,196448,1,2,1,26,26,1,6,1,0,2,-9,-9,-9,-9,-9,-9,-9,-9,-9,-9,-9,-9,-9,-9,-9,-9,-9,-9,-9,-9,-9,8,8,2,1,1,0,0,3,3,2,2,1,-9,4,4,-9,3,1,4,10,3,0,2,0,7,-9,72,3,1,3,1,2,1,2,0,2,1,-9,3,4,7,4,1,4,4,22,22,52,7,0,-9,0,1,-9,2,7,-9,2,2,1,-9,-9,3,3,1,1,2,3,523,1,-9,2,2,5,4,4,3,-9,0,1,1,-9,-9,-9,-9,3,3,0,9
419574,2621446,1,5,1,85,85,-9,1,1,0,2,-9,-9,-9,-9,-9,-9,-9,-9,-9,-9,-9,-9,-9,-9,-9,-9,-9,-9,-9,-9,-9,4,4,-9,0,0,0,0,1,3,-9,12,1,-9,1,1,1,1,2,1,15,-9,0,-9,0,16,-9,23,-9,-9,11,11,1,6,1,0,1,1,-9,1,4,7,4,3,4,4,7,7,23,1,1,5,1,1,-9,1,-9,-9,2,2,2,-9,-9,-9,-9,1,2,1,1,231,1,-9,2,2,0,1,-9,3,12,0,-9,-9,-9,-9,-9,-9,-9,-9,0,-9
148428,261503,1,7,1,34,34,3,9,1,0,2,-9,-9,-9,-9,-9,-9,-9,-9,-9,-9,-9,-9,-9,-9,-9,-9,-9,-9,-9,-9,-9,21,21,2,0,0,0,1,2,3,3,2,1,-9,4,4,-9,3,1,4,15,3,0,15,0,9,-9,94,3,1,1,1,9,2,2,0,2,1,-9,3,4,7,4,1,4,4,21,21,92,7,0,-9,0,1,-9,3,25,-9,2,2,2,-9,-9,4,4,1,1,2,4,927,1,-9,2,1,5,4,4,6,-9,3,2,1,-9,-9,-9,-9,4,4,0,10
1733967,2370685,1,5,1,46,46,8,6,1,1,2,-9,-9,-9,-9,-9,-9,-9,-9,-9,-9,-9,-9,-9,-9,-9,-9,-9,-9,-9,-9,-9,2,2,2,0,0,0,0,1,3,12,2,1,-9,1,1,-9,6,1,1,15,3,0,-9,0,17,-9,22,-9,-9,8,1,1,5,2,0,2,1,-9,1,4,7,4,3,4,4,7,7,22,1,0,-9,0,1,-9,1,-9,-9,2,2,1,-9,-9,2,2,1,2,1,3,223,1,-9,2,1,1,2,7,2,-9,0,1,2,-9,-9,-9,-9,1,2,0,-9
2669866,2496220,1,10,1,53,53,3,7,2,2,2,-9,-9,-9,-9,-9,-9,-9,-9,-9,-9,-9,-9,-9,-9,-9,-9,-9,-9,-9,-9,-9,1,1,2,0,0,0,0,1,3,1,1,1,-9,1,1,-9,3,1,1,14,2,1,-9,0,15,-9,33,-9,-9,1,1,1,2,2,0,2,1,-9,3,1,7,4,3,4,4,7,13,35,1,0,-9,0,1,-9,1,-9,1,2,2,1,-9,-9,2,2,1,2,2,2,356,1,-9,2,1,1,2,8,1,-9,0,2,1,-9,-9,-9,-9,4,4,0,-9
1224295,1200650,1,4,1,50,50,-9,7,3,1,2,-9,-9,-9,-9,-9,-9,-9,-9,-9,-9,-9,-9,-9,-9,-9,-9,-9,-9,-9,-9,-9,1,1,2,0,1,1,0,3,3,1,7,1,-9,1,1,1,3,2,1,12,-9,1,-9,1,7,-9,93,2,-9,1,8,1,2,2,0,2,1,-9,3,1,7,4,3,4,4,37,37,92,1,0,-9,0,1,-9,1,-9,-9,2,2,1,-9,-9,4,4,1,1,2,2,926,1,-9,2,2,3,4,-9,2,12,0,0,-9,-9,-9,-9,-9,-9,-9,0,-9
172487,2436878,1,4,2,28,25,3,7,1,1,2,-9,-9,-9,-9,-9,-9,-9,-9,-9,-9,-9,-9,-9,-9,-9,-9,-9,-9,-9,-9,-9,8,1,2,0,0,0,0,1,3,1,9,1,-9,1,4,-9,3,1,2,15,4,0,2,0,13,-9,31,6,2,3,1,2,1,4,2,5,2,5,3,4,7,4,1,4,4,38,7,31,7,0,-9,0,1,-9,1,7,3,2,2,2,-9,-9,2,2,1,1,2,2,311,1,7,1,1,9,5,7,3,-9,0,2,1,-9,-9,-9,-9,4,4,0,9
636199,2078460,1,8,1,70,70,-9,1,1,1,2,-9,-9,-9,-9,-9,-9,-9,-9,-9,-9,-9,-9,-9,-9,-9,-9,-9,-9,-9,-9,-9,6,6,-9,1,0,1,0,3,1,-9,12,-9,-9,1,1,2,1,4,1,10,-9,0,-9,1,-9,-9,-9,-9,-9,11,-9,1,6,1,0,1,1,-9,1,4,7,4,3,4,4,36,36,-9,1,1,3,1,1,-9,1,-9,-9,9,2,1,-9,-9,-9,-9,1,2,1,1,-9,1,-9,2,-9,0,1,-9,3,13,0,-9,-9,-9,-9,-9,-9,-9,-9,0,1
2392692,2613663,1,9,1,61,63,2,10,1,1,2,-9,-9,-9,-9,-9,-9,-9,-9,-9,-9,-9,-9,-9,-9,-9,-9,-9,-9,-9,-9,-9,1,1,2,1,0,0,0,2,3,1,1,1,-9,1,1,-9,3,2,1,10,1,0,-9,0,9,-9,52,-9,-9,1,1,1,2,2,0,5,1,-9,3,1,7,4,3,4,4,24,22,71,1,1,-9,0,1,-9,1,-9,1,2,2,1,-9,-9,3,3,1,2,2,3,711,1,-9,2,2,1,2,7,1,-9,0,2,1,-9,-9,-9,-9,3,3,0,-9
2307690,724627,1,3,1,53,53,2,7,1,1,2,-9,-9,-9,-9,-9,-9,-9,-9,-9,-9,-9,-9,-9,-9,-9,-9,-9,-9,-9,-9,-9,1,1,2,1,0,0,0,2,3,1,2,1,-9,1,1,-9,3,2,1,10,3,1,-9,0,3,-9,93,-9,-9,3,1,1,5,2,0,2,1,-9,3,1,7,4,3,4,4,34,34,92,1,0,-9,0,1,-9,1,-9,-9,2,2,1,-9,-9,4,4,1,1,2,2,926,1,-9,2,2,1,2,8,2,-9,0,2,1,-9,-9,-9,-9,3,3,0,-9
1639853,1228360,1,9,1,55,55,1,10,1,1,2,-9,-9,-9,-9,-9,-9,-9,-9,-9,-9,-9,-9,-9,-9,-9,-9,-9,-9,-9,-9,-9,1,1,2,0,1,0,0,2,3,1,1,1,-9,1,1,-9,3,2,1,15,2,0,-9,0,16,-9,23,-9,-9,1,1,1,2,2,0,2,1,-9,3,1,7,4,3,4,4,3,4,23,1,0,-9,0,1,-9,1,-9,1,2,2,1,-9,-9,1,1,1,2,2,3,231,1,-9,2,2,1,2,10,3,-9,0,2,1,-9,-9,-9,-9,3,3,0,-9
473496,964648,1,7,1,80,80,-9,1,1,0,3,-9,-9,-9,-9,-9,-9,-9,-9,-9,-9,-9,-9,-9,-9,-9,-9,-9,-9,-9,-9,-9,24,24,-9,1,0,0,0,2,3,-9,12,1,-9,15,15,1,1,3,1,10,-9,0,-9,0,7,-9,54,-9,-9,8,5,1,5,1,0,1,1,-9,1,4,7,4,3,4,4,25,25,92,1,1,1,1,1,-9,1,-9,-9,2,2,1,-9,-9,-9,-9,1,1,1,1,924,1,-9,2,2,0,1,-9,2,5,0,-9,-9,-9,-9,-9,-9,-9,-9,0,3
500230,2440707,1,4,3,27,27,7,7,1,1,2,-9,-9,-9,-9,-9,-9,-9,-9,-9,-9,-9,-9,-9,-9,-9,-9,-9,-9,-9,-9,-9,1,1,2,0,0,0,0,1,3,1,2,1,-9,1,1,-9,3,1,1,15,3,0,-9,0,15,-9,2,5,-9,3,1,1,4,2,2,2,15,9,3,1,7,4,3,4,4,12,12,33,1,0,-9,0,1,-9,1,-9,-9,2,2,2,-9,-8,2,2,1,1,2,2,331,2,-9,2,1,7,4,7,3,-9,0,2,1,-9,-9,-9,-9,4,4,0,-9
539552,2159397,1,6,1,32,32,4,6,1,1,2,-9,-9,-9,-9,-9,-9,-9,-9,-9,-9,-9,-9,-9,-9,-9,-9,-9,-9,-9,-9,-9,1,1,2,0,0,0,0,1,3,8,1,1,-9,1,1,-9,3,1,1,15,2,0,-9,0,3,-9,32,-9,-9,3,1,1,1,2,0,2,1,-9,3,1,7,4,3,4,4,38,38,32,1,0,-9,0,1,-9,2,-9,3,2,2,1,-9,-9,2,2,1,2,2,4,321,1,-9,2,2,1,2,7,2,-9,0,2,1,-9,-9,-9,-9,4,4,0,-9
173732,922698,1,5,1,5,38,-9,6,1,2,2,-9,-9,-9,-9,-9,-9,-9,-9,-9,-9,-9,-9,-9,-9,-9,-9,-9,-9,-9,-9,-9,1,1,2,0,0,0,0,1,3,9,-9,-9,-9,1,1,-9,4,1,1,-9,-9,0,-9,0,-9,-9,-9,-9,-9,4,-9,1,1,2,0,2,1,-9,3,1,7,4,3,4,4,-9,19,-9,1,0,-9,0,1,-9,2,-9,4,2,2,1,-9,-9,3,-9,1,1,2,4,-9,1,1,1,-9,1,2,-9,2,-9,0,2,-9,-9,-9,-9,-9,-9,-9,0,-9
1431768,2209723,1,2,1,30,40,5,6,1,2,2,-9,-9,-9,-9,-9,-9,-9,-9,-9,-9,-9,-9,-9,-9,-9,-9,-9,-9,-9,-9,-9,1,1,2,0,0,0,0,1,3,9,1,1,-9,1,1,-9,3,1,1,15,1,0,-9,0,15,-9,54,-9,-9,3,1,1,5,2,0,2,1,-9,1,4,7,4,3,4,4,14,14,33,1,0,-9,0,1,-9,1,-9,3,2,2,1,-9,-9,2,2,1,2,2,4,331,1,-9,2,2,0,1,7,1,-9,0,2,1,-9,-9,-9,-9,4,4,0,-9
1638145,1573368,1,2,1,17,55,2,10,1,2,2,-9,-9,-9,-9,-9,-9,-9,-9,-9,-9,-9,-9,-9,-9,-9,-9,-9,-9,-9,-9,-9,1,1,2,0,0,0,0,1,3,7,8,1,-9,1,1,-9,4,1,1,12,1,0,-9,0,9,-9,51,-9,-9,4,1,1,1,2,0,5,1,-9,1,4,7,4,3,4,4,38,7,92,1,0,-9,0,1,-9,1,-9,4,1,2,1,-9,-9,1,1,1,1,2,4,927,1,1,1,2,1,2,9,2,-9,0,2,1,-9,-9,-9,-9,3,3,0,-9
1620194,955404,1,7,1,52,52,4,10,1,1,2,-9,-9,-9,-9,-9,-9,-9,-9,-9,-9,-9,-9,-9,-9,-9,-9,-9,-9,-9,-9,-9,24,24,2,0,1,0,0,2,3,1,2,1,-9,5,5,-9,6,2,1,15,3,0,-9,0,13,-9,43,-9,-9,11,1,1,6,3,0,6,1,-9,1,4,7,4,3,4,4,13,13,41,1,0,-9,0,1,-9,2,-9,-9,2,2,1,-9,-9,2,2,1,2,2,3,412,1,-9,2,2,1,2,3,3,-9,0,1,1,-9,-9,-9,-9,4,4,0,4
761386,2345927,1,2,2,32,32,1,7,1,2,2,-9,-9,-9,-9,-9,-9,-9,-9,-9,-9,-9,-9,-9,-9,-9,-9,-9,-9,-9,-9,-9,1,1,2,0,0,0,0,1,3,1,4,3,-9,1,1,-9,3,1,1,14,3,0,-9,0,19,-9,51,-9,-9,3,1,1,1,2,1,3,3,3,3,1,7,4,3,4,4,17,17,62,1,0,-9,0,1,-9,1,-9,-9,1,2,1,1,-9,3,3,1,1,2,2,622,1,-9,2,1,1,2,7,2,-9,0,2,1,-9,-9,-9,-9,3,3,0,-9
1457032,908937,1,4,1,43,43,7,2,1,1,2,-9,-9,-9,-9,-9,-9,-9,-9,-9,-9,-9,-9,-9,-9,-9,-9,-9,-9,-9,-9,-9,1,1,-9,0,0,0,0,1,3,-9,2,1,-9,1,1,-9,2,1,1,12,3,0,-9,0,13,-9,21,-9,-9,4,1,1,1,1,0,1,1,-9,3,1,7,4,3,4,4,3,3,21,1,0,-9,0,1,-9,1,-9,-9,1,2,1,-9,-9,1,1,1,1,1,1,212,1,-9,2,1,1,2,7,3,-9,0,-9,1,-9,-9,-9,-9,4,4,0,-9
1601844,2590256,1,9,1,70,80,-9,5,1,1,2,-9,-9,-9,-9,-9,-9,-9,-9,-9,-9,-9,-9,-9,-9,-9,-9,-9,-9,-9,-9,-9,9,9,2,1,0,1,0,3,2,1,12,1,-9,4,4,1,3,2,2,10,-9,0,3,2,15,-9,91,-9,2,1,9,9,2,2,0,2,1,-9,3,4,7,4,1,4,4,34,25,92,7,1,7,1,1,-9,1,4,1,2,2,1,-9,7,-9,-9,1,2,2,2,923,6,-9,2,2,0,1,-9,2,12,0,0,-9,-9,-9,-9,-9,-9,-9,0,4
2533257,994860,1,6,1,64,64,-9,7,1,1,2,-9,-9,-9,-9,-9,-9,-9,-9,-9,-9,-9,-9,-9,-9,-9,-9,-9,-9,-9,-9,-9,7,7,2,0,0,0,0,1,3,1,12,1,-9,1,1,1,3,3,1,15,-9,0,-9,0,16,-9,23,-9,-9,1,5,1,2,2,0,2,1,-9,1,4,7,4,3,4,4,7,7,23,1,1,-9,0,1,-9,1,-9,-9,2,2,1,-9,-9,1,1,1,2,2,2,231,1,-9,2,2,0,1,-9,1,5,0,0,-9,-9,-9,-9,-9,-9,-9,0,2
1867829,1799144,1,4,1,45,60,2,9,2,2,2,-9,-9,-9,-9,-9,-9,-9,-9,-9,-9,-9,-9,-9,-9,-9,-9,-9,-9,-9,-9,-9,1,1,2,0,0,0,0,1,3,12,2,1,-9,1,1,-9,3,2,1,15,3,2,-9,0,16,-9,13,-9,-9,1,1,1,2,2,0,5,1,-9,2,2,7,4,3,4,4,3,7,23,1,0,-9,0,1,-9,1,-9,1,2,2,1,-9,-9,2,2,1,2,2,4,231,1,-9,2,1,1,2,7,1,-9,0,2,1,-9,-9,-9,-9,4,4,0,-9
2522779,1581496,1,2,1,44,43,2,6,1,2,2,-9,-9,-9,-9,-9,-9,-9,-9,-9,-9,-9,-9,-9,-9,-9,-9,-9,-9,-9,-9,-9,1,1,2,0,0,0,0,1,3,10,5,2,-9,1,1,-9,3,1,1,12,1,0,-9,0,18,-9,34,-9,-9,1,1,1,2,2,0,5,1,-9,1,4,7,4,3,4,4,19,8,34,8,0,-9,0,1,-9,1,-9,1,2,2,1,-9,-9,2,2,1,2,2,4,344,1,-9,2,2,1,2,7,1,-9,0,2,1,-9,-9,-9,-9,3,3,0,-9
2433940,2095705,1,7,1,15,54,-9,6,1,2,2,-9,-9,-9,-9,-9,-9,-9,-9,-9,-9,-9,-9,-9,-9,-9,-9,-9,-9,-9,-9,-9,1,24,2,0,0,0,0,1,3,11,-9,-9,-9,15,15,-9,4,1,1,-9,-9,0,-9,0,-9,-9,-9,-9,-9,4,-9,1,1,2,0,2,1,-9,1,4,7,4,3,4,4,-9,11,-9,1,0,-9,0,1,-9,1,-9,4,2,2,2,-9,-9,2,-9,1,1,2,4,-9,1,1,1,-9,1,2,-9,2,-9,0,2,-9,-9,-9,-9,-9,-9,-9,0,-9
827006,913867,1,4,3,1,27,-9,6,1,1,2,-9,-9,-9,-9,-9,-9,-9,-9,-9,-9,-9,-9,-9,-9,-9,-9,-9,-9,-9,-9,-9,1,1,2,0,0,0,0,1,3,2,-9,-9,-9,1,1,-9,4,1,1,-9,-9,0,-9,0,-9,-9,-9,3,-9,4,-9,-9,1,2,2,3,15,4,3,1,7,4,3,4,4,-9,26,-9,8,0,-9,0,1,-9,2,-9,4,1,2,2,-9,-9,3,-9,1,1,2,3,-9,1,-9,2,-9,5,4,-9,2,-9,0,1,-9,-9,-9,-9,-9,-9,-9,0,-9
519175,2729673,1,2,1,42,58,1,6,3,2,2,-9,-9,-9,-9,-9,-9,-9,-9,-9,-9,-9,-9,-9,-9,-9,-9,-9,-9,-9,-9,-9,22,24,2,0,0,1,0,2,2,5,2,1,-9,15,5,-9,3,2,1,15,3,1,-9,2,16,-9,24,-9,-9,1,1,1,2,4,0,6,1,-9,1,4,7,4,3,4,4,3,25,24,7,0,-9,0,1,-9,1,35,1,2,2,2,-9,-9,3,3,1,2,2,3,242,1,-9,2,1,1,2,7,2,-9,1,2,1,-9,-9,-9,-9,3,3,0,4
2483166,299321,1,8,1,33,48,-9,8,1,0,7,-9,-9,-9,-9,-9,-9,-9,-9,-9,-9,-9,-9,-9,-9,-9,-9,-9,-9,-9,-9,-9,13,13,-9,0,0,0,1,2,3,-9,16,-9,-9,14,16,2,2,1,2,12,-9,0,7,0,-9,-9,-9,1,1,4,-9,9,1,2,0,6,1,-9,3,4,7,4,1,4,4,36,7,-9,7,0,-9,0,1,-9,3,12,12,2,2,1,-9,-9,2,2,1,1,2,6,-9,1,-9,2,-9,4,4,-9,2,13,0,-9,-9,-9,-9,-9,-9,-9,-9,0,9
1067223,1308443,1,5,1,15,47,-9,6,1,2,2,-9,-9,-9,-9,-9,-9,-9,-9,-9,-9,-9,-9,-9,-9,-9,-9,-9,-9,-9,-9,-9,1,1,2,0,0,0,0,1,3,10,-9,-9,-9,1,1,-9,4,1,1,-9,-9,0,-9,0,-9,-9,-9,-9,-9,4,-9,1,1,2,0,3,1,-9,3,1,7,4,3,4,4,-9,3,-9,1,0,-9,0,1,-9,1,-9,5,1,2,1,-9,-9,1,-9,1,2,2,4,-9,1,1,1,-9,1,2,-9,2,-9,0,2,-9,-9,-9,-9,-9,-9,-9,0,-9
1954208,2459520,1,10,1,7,45,-9,6,1,2,2,-9,-9,-9,-9,-9,-9,-9,-9,-9,-9,-9,-9,-9,-9,-9,-9,-9,-9,-9,-9,-9,1,1,2,0,0,0,0,1,3,8,-9,-9,-9,1,1,-9,4,1,1,-9,-9,0,-9,0,-9,-9,-9,-9,-9,4,-9,1,1,2,0,5,1,-9,3,1,7,4,3,4,4,-9,4,-9,1,0,-9,0,1,-9,2,-9,4,2,2,1,-9,-9,1,-9,1,1,2,4,-9,1,1,1,-9,1,2,-9,3,-9,0,2,-9,-9,-9,-9,-9,-9,-9,0,-9
1512984,1870594,1,9,1,75,75,-9,5,4,1,2,-9,-9,-9,-9,-9,-9,-9,-9,-9,-9,-9,-9,-9,-9,-9,-9,-9,-9,-9,-9,-9,1,1,2,0,0,1,0,2,1,1,12,1,-9,1,1,1,3,4,1,14,-9,2,-9,2,3,-9,33,-9,-9,1,8,1,2,2,0,2,1,-9,3,1,7,4,3,4,4,8,8,35,1,1,7,1,1,-9,1,-9,-9,2,2,1,-9,-9,-9,-9,1,1,2,2,354,1,-9,2,2,0,1,-9,1,12,0,0,-9,-9,-9,-9,-9,-9,-9,0,-9
1180433,1586730,1,6,1,31,31,8,6,1,1,2,-9,-9,-9,-9,-9,-9,-9,-9,-9,-9,-9,-9,-9,-9,-9,-9,-9,-9,-9,-9,-9,1,1,2,1,0,0,0,2,3,2,2,1,-9,1,1,-9,3,1,1,11,3,0,-9,0,3,-9,71,3,-9,1,1,1,2,2,0,3,1,-9,3,1,7,4,3,4,4,33,33,53,1,0,-9,0,1,-9,2,-9,-9,1,2,1,-9,-9,3,3,1,1,2,3,531,1,-9,2,2,5,4,8,3,-9,0,1,2,-9,-9,-9,-9,1,2,0,-9
2128194,1626323,2,11,1,75,75,-9,5,2,1,2,-9,-9,-9,-9,-9,-9,-9,-9,-9,-9,-9,-9,-9,-9,-9,-9,-9,-9,-9,-9,-9,1,1,2,0,0,0,0,1,3,1,12,1,-9,1,1,1,3,2,1,11,-9,1,-9,0,16,-9,94,-9,-9,1,2,1,2,2,0,2,1,-9,3,1,7,4,3,4,4,25,25,92,8,1,7,1,1,-9,1,-9,-9,2,2,1,-9,-9,-9,-9,1,2,2,2,927,1,-9,2,2,0,1,-9,2,1,0,0,-9,0,0,0,0,-9,-9,0,-9
1699983,1332003,1,5,1,4,40,-9,8,1,2,2,-9,-9,-9,-9,-9,-9,-9,-9,-9,-9,-9,-9,-9,-9,-9,-9,-9,-9,-9,-9,-9,1,1,2,0,0,0,0,1,3,14,-9,-9,-9,1,1,-9,4,1,1,-9,-9,2,-9,0,-9,-9,-9,3,-9,4,-9,1,1,2,0,3,1,-9,3,1,7,4,3,4,4,-9,19,-9,8,0,-9,0,1,-9,2,-9,4,1,2,2,-9,-9,4,-9,1,2,2,5,-9,1,1,1,-9,5,4,-9,3,-9,0,2,-9,-9,-9,-9,-9,-9,-9,0,-9
1906398,1942403,1,10,1,56,56,8,2,1,1,1,-9,-9,-9,-9,-9,-9,-9,-9,-9,-9,-9,-9,-9,-9,-9,-9,-9,-9,-9,-9,-9,1,1,-9,0,0,0,1,2,3,-9,2,1,-9,1,1,-9,2,3,1,15,4,0,-9,0,10,-9,24,-9,-9,8,1,1,5,1,0,1,1,-9,2,2,7,4,3,4,4,3,3,24,1,0,-9,0,1,-9,1,-9,-9,2,2,2,-9,-9,1,1,1,1,1,1,242,1,-9,2,1,1,2,7,3,-9,0,-9,2,-9,-9,-9,-9,1,2,0,-9
86744,1342914,1,6,1,33,34,3,6,1,2,2,-9,-9,-9,-9,-9,-9,-9,-9,-9,-9,-9,-9,-9,-9,-9,-9,-9,-9,-9,-9,-9,1,1,2,0,0,0,0,1,3,2,1,1,-9,1,1,-9,3,2,1,15,1,0,-9,0,16,-9,53,-9,-9,3,1,1,1,2,0,8,1,-9,1,4,7,4,3,4,4,30,21,61,1,0,-9,0,1,-9,2,-9,3,1,2,1,-9,-9,3,3,1,2,2,3,612,1,-9,2,2,1,2,7,3,-9,0,2,1,-9,-9,-9,-9,4,4,0,-9
629362,2009111,1,8,1,9,42,-9,6,1,1,2,-9,-9,-9,-9,-9,-9,-9,-9,-9,-9,-9,-9,-9,-9,-9,-9,-9,-9,-9,-9,-9,1,1,2,0,0,0,0,1,3,4,-9,-9,-9,1,1,-9,4,1,1,-9,-9,0,-9,0,-9,-9,-9,-9,-9,4,-9,1,1,2,0,2,1,-9,3,1,7,4,3,4,4,-9,2,-9,1,0,-9,0,1,-9,1,-9,4,2,2,1,-9,-9,2,-9,1,2,2,3,-9,1,1,1,-9,1,2,-9,2,-9,0,2,-9,-9,-9,-9,-9,-9,-9,0,-9
2290423,388627,1,2,2,38,38,-9,9,3,0,2,-9,-9,-9,-9,-9,-9,-9,-9,-9,-9,-9,-9,-9,-9,-9,-9,-9,-9,-9,-9,-9,1,1,2,0,0,0,1,2,3,11,14,1,-9,1,1,1,6,3,1,11,-9,1,-9,0,7,-9,52,3,-9,8,8,1,5,2,1,3,1,3,3,1,7,4,3,4,4,24,24,71,1,0,-9,0,1,-9,2,-9,-9,1,2,1,-9,-9,4,4,1,2,2,4,711,1,-9,2,2,5,4,-9,2,12,0,0,-9,-9,-9,-9,-9,-9,-9,0,-9
982460,806258,1,1,1,43,43,-9,2,1,1,2,-9,-9,-9,-9,-9,-9,-9,-9,-9,-9,-9,-9,-9,-9,-9,-9,-9,-9,-9,-9,-9,1,1,-9,0,1,1,0,3,1,-9,15,1,-9,1,1,1,2,4,1,14,-9,0,-9,1,14,-9,21,-9,-9,11,4,1,6,1,0,1,1,-9,3,1,7,4,3,4,4,3,3,21,8,0,-9,0,1,-9,1,-9,-9,9,2,1,-9,-9,1,1,1,2,1,1,212,1,-9,2,2,1,2,-9,2,4,0,-9,-9,-9,-9,-9,-9,-9,-9,0,-9
1080748,2306123,1,2,3,20,25,8,10,1,2,2,-9,-9,-9,-9,-9,-9,-9,-9,-9,-9,-9,-9,-9,-9,-9,-9,-9,-9,-9,-9,-9,10,1,-9,0,0,1,0,2,3,-9,10,2,-9,10,4,-9,2,1,2,16,1,0,4,1,14,-9,91,3,-9,4,1,1,1,5,2,9,17,11,3,4,7,4,1,4,4,38,8,92,7,0,-9,0,1,-9,2,8,13,2,2,2,-9,-9,1,1,1,2,2,4,923,1,8,1,2,5,4,4,2,-9,0,-9,2,-9,-9,-9,-9,1,2,0,10
743671,1384024,1,9,1,19,49,-9,9,1,1,2,-9,-9,-9,-9,-9,-9,-9,-9,-9,-9,-9,-9,-9,-9,-9,-9,-9,-9,-9,-9,-9,18,18,2,0,0,0,0,1,3,10,11,1,-9,11,11,1,5,1,2,14,-9,0,-9,0,7,-9,52,-9,-9,4,3,1,1,2,0,2,1,-9,1,4,7,4,3,4,4,38,19,71,1,0,-9,0,1,-9,2,-9,4,6,2,2,-9,-9,4,4,1,1,2,6,711,1,1,1,2,1,2,-9,2,2,0,1,-9,-9,-9,-9,-9,-9,-9,0,7
1988561,121081,1,9,1,43,45,8,7,1,2,2,-9,-9,-9,-9,-9,-9,-9,-9,-9,-9,-9,-9,-9,-9,-9,-9,-9,-9,-9,-9,-9,1,1,2,0,0,0,0,1,3,1,6,2,-9,1,1,-9,3,1,1,14,3,0,-9,0,17,-9,53,-9,-9,1,1,1,2,2,0,5,1,-9,1,4,7,4,3,4,4,19,19,61,1,0,-9,0,1,-9,1,-9,1,3,2,1,-9,-9,3,3,1,2,2,2,614,1,-9,2,2,1,2,7,3,-9,0,2,2,-9,-9,-9,-9,1,2,0,-9
953085,1549342,1,8,1,40,40,5,2,1,1,2,-9,-9,-9,-9,-9,-9,-9,-9,-9,-9,-9,-9,-9,-9,-9,-9,-9,-9,-9,-9,-9,3,3,-9,0,0,0,0,1,3,-9,2,1,-9,1,1,-9,2,1,1,15,3,0,-9,0,17,-9,24,-9,-9,4,1,1,1,1,0,1,1,-9,1,4,7,4,3,4,4,3,3,24,1,0,-9,0,1,-9,1,-9,-9,2,2,2,-9,-9,1,1,1,1,1,1,242,1,-9,2,1,1,2,3,3,-9,0,-9,1,-9,-9,-9,-9,4,4,0,-9
2808684,15066,1,3,3,18,-9,-9,-9,1,-9,-9,0,0,0,0,0,0,0,0,0,0,0,1,0,0,0,0,0,0,0,0,0,17,-9,-9,-9,-9,-9,-9,-9,3,-9,13,-9,3,-9,7,2,-9,1,-9,12,-9,-9,-9,-9,-9,2,-9,-9,-9,-9,-9,1,1,-9,-9,-9,16,6,3,1,7,4,3,4,4,38,-9,-9,1,0,-9,0,3,1,-9,-9,-9,1,1,-9,-9,5,-9,-9,-9,2,-9,-9,-9,6,-9,1,-9,-9,-9,-9,-9,13,-9,-9,-9,-9,-9,-9,-9,-9,-9,0,11
117966,624201,1,5,1,4,31,-9,4,1,0,2,-9,-9,-9,-9,-9,-9,-9,-9,-9,-9,-9,-9,-9,-9,-9,-9,-9,-9,-9,-9,-9,1,1,2,0,0,1,1,3,2,8,-9,-9,-9,1,1,-9,7,3,1,-9,-9,0,-9,2,-9,-9,-9,2,-9,4,-9,1,1,2,0,3,1,-9,3,1,7,4,3,4,4,-9,13,-9,8,0,-9,0,1,-9,2,-9,4,1,2,1,-9,-9,2,-9,1,1,1,3,-9,1,1,1,-9,3,4,-9,2,-9,0,0,-9,-9,-9,-9,-9,-9,-9,0,-9
421930,1467524,1,9,1,8,43,-9,8,1,2,4,-9,-9,-9,-9,-9,-9,-9,-9,-9,-9,-9,-9,-9,-9,-9,-9,-9,-9,-9,-9,-9,1,1,2,0,0,0,0,1,3,16,-9,-9,-9,1,1,-9,4,1,1,-9,-9,0,-9,0,-9,-9,-9,-9,-9,4,-9,1,1,2,0,2,1,-9,3,1,7,4,3,4,4,-9,3,-9,1,0,-9,0,1,-9,2,-9,4,2,2,1,-9,-9,1,-9,1,2,2,5,-9,1,1,1,-9,0,1,-9,1,-9,0,2,-9,-9,-9,-9,-9,-9,-9,0,-9
1446913,2756510,1,10,1,70,70,-9,1,1,1,2,-9,-9,-9,-9,-9,-9,-9,-9,-9,-9,-9,-9,-9,-9,-9,-9,-9,-9,-9,-9,-9,1,1,-9,1,0,1,0,3,2,-9,12,1,-9,1,1,1,1,3,1,10,-9,0,3,1,7,-9,52,-9,-9,11,8,1,6,1,0,1,1,-9,3,4,7,4,1,4,4,24,24,71,1,1,3,1,1,-9,1,-9,-9,2,2,1,-9,-9,-9,-9,1,2,1,1,711,1,-9,2,2,0,1,-9,1,12,0,-9,-9,-9,-9,-9,-9,-9,-9,0,-9
1575667,679608,1,5,-9,0,22,-9,6,1,1,2,-9,-9,-9,-9,-9,-9,-9,-9,-9,-9,-9,-9,-9,-9,-9,-9,-9,-9,-9,-9,-9,1,1,2,1,1,0,0,3,3,8,-9,-9,-9,1,1,-9,4,1,1,-9,-9,0,-9,0,-9,-9,-9,2,-9,4,-9,-9,1,2,1,3,-9,-9,3,1,7,4,3,4,4,-9,37,-9,8,0,-9,0,1,-9,2,-9,4,1,2,1,-9,-9,4,-9,1,1,2,4,-9,1,-9,2,-9,3,4,-9,3,-9,0,0,-9,-9,-9,-9,-9,-9,-9,-9,-9
2150097,1656603,2,11,1,52,52,3,10,1,1,2,-9,-9,-9,-9,-9,-9,-9,-9,-9,-9,-9,-9,-9,-9,-9,-9,-9,-9,-9,-9,-9,4,1,2,0,0,0,0,1,3,7,9,1,-9,1,1,-9,3,2,1,11,3,0,-9,0,7,-9,96,-9,-9,1,1,1,2,2,0,2,1,-9,3,4,7,4,3,4,1,38,34,92,1,0,-9,0,1,-9,2,-9,1,2,2,1,-9,-9,4,4,1,1,2,3,927,1,7,1,1,1,2,7,2,-9,0,2,1,0,0,0,0,3,3,0,-9
143697,2051830,1,8,1,85,85,-9,1,1,0,3,-9,-9,-9,-9,-9,-9,-9,-9,-9,-9,-9,-9,-9,-9,-9,-9,-9,-9,-9,-9,-9,1,1,-9,1,0,1,0,3,1,-9,12,1,-9,1,1,1,1,4,1,10,-9,0,-9,1,15,-9,24,-9,-9,11,11,1,6,1,0,1,1,-9,3,1,7,4,3,4,4,7,7,35,1,1,5,1,1,-9,1,-9,-9,2,2,1,-9,-9,-9,-9,1,2,1,1,356,1,-9,2,2,0,1,-9,2,12,0,-9,-9,-9,-9,-9,-9,-9,-9,0,-9
169620,862893,1,3,1,60,60,6,9,1,4,4,-9,-9,-9,-9,-9,-9,-9,-9,-9,-9,-9,-9,-9,-9,-9,-9,-9,-9,-9,-9,-9,1,1,2,0,0,0,0,1,3,1,2,1,-9,1,1,-9,3,1,1,13,3,0,-9,0,3,-9,74,-9,-9,1,1,1,2,2,0,2,1,-9,3,1,7,4,3,4,4,22,22,52,1,0,-9,0,1,-9,2,-9,-9,2,2,1,-9,-9,3,3,1,1,2,5,524,1,-9,2,1,1,2,7,2,-9,0,2,1,-9,-9,-9,-9,4,4,0,-9
2559978,1705147,2,11,1,31,31,3,7,1,2,2,-9,-9,-9,-9,-9,-9,-9,-9,-9,-9,-9,-9,-9,-9,-9,-9,-9,-9,-9,-9,-9,4,1,2,0,0,0,0,1,3,1,2,1,-9,1,1,-9,3,2,1,14,3,0,-9,0,15,-9,54,-9,-9,1,1,1,2,2,0,5,1,-9,3,4,7,4,3,4,1,25,22,33,1,0,-9,0,1,-9,1,-9,1,1,2,1,-9,-9,2,2,1,1,2,2,331,1,-9,2,2,1,2,7,2,-9,0,2,1,0,0,0,0,4,4,0,-9
